"time","h1","h2","tRun","der(h1)","der(h2)","der(tRun)","tMark","seq","paused","shutting","valve1","valve2","valve3"
0,0.05,0.05,0,0,0,0,0,1,0,0,0,0,0
1,0.05,0.05,0,0,0,0,0,1,0,0,0,0,0
2,0.05,0.05,0,0,0,0,0,1,0,0,0,0,0
3,0.05,0.05,0,0,0,0,0,1,0,0,0,0,0
4,0.05,0.05,0,0,0,0,0,1,0,0,0,0,0
5,0.05,0.05,0,0,0,0,0,1,0,0,0,0,0
6,0.05,0.05,0,0,0,0,0,1,0,0,0,0,0
7,0.05,0.05,0,0,0,0,0,1,0,0,0,0,0
8,0.05,0.05,0,0,0,0,0,1,0,0,0,0,0
9,0.05,0.05,0,0,0,0,0,1,0,0,0,0,0
10,0.05,0.05,0,0,0,0,0,1,0,0,0,0,0
11,0.05,0.05,0,0,0,0,0,1,0,0,0,0,0
12,0.05,0.05,0,0,0,0,0,1,0,0,0,0,0
13,0.05,0.05,0,0,0,0,0,1,0,0,0,0,0
14,0.05,0.05,0,0,0,0,0,1,0,0,0,0,0
15,0.05,0.05,0,0,0,0,0,1,0,0,0,0,0
16,0.05,0.05,0,0,0,0,0,1,0,0,0,0,0
17,0.05,0.05,0,0,0,0,0,1,0,0,0,0,0
18,0.05,0.05,0,0,0,0,0,1,0,0,0,0,0
19,0.05,0.05,0,0,0,0,0,1,0,0,0,0,0
20,0.05,0.05,0,0,0,0,0,1,0,0,0,0,0
20.00000000400054,0.05,0.05,0,0,0,0,0,1,0,0,0,0,0
20.00000000400054,0.05,0.05,0,0.005,0,0,0,2,0,0,1,0,0
21,0.05499999997999728,0.05,0,0.005,0,0,0,2,0,0,1,0,0
22,0.05999999997999728,0.05,0,0.005,0,0,0,2,0,0,1,0,0
23,0.06499999997999728,0.05,0,0.005,0,0,0,2,0,0,1,0,0
24,0.06999999997999727,0.05,0,0.005,0,0,0,2,0,0,1,0,0
25,0.07499999997999728,0.05,0,0.005,0,0,0,2,0,0,1,0,0
26,0.07999999997999727,0.05,0,0.005,0,0,0,2,0,0,1,0,0
27,0.08499999997999727,0.05,0,0.005,0,0,0,2,0,0,1,0,0
28,0.08999999997999727,0.05,0,0.005,0,0,0,2,0,0,1,0,0
29,0.09499999997999728,0.05,0,0.005,0,0,0,2,0,0,1,0,0
30,0.09999999997999727,0.05,0,0.005,0,0,0,2,0,0,1,0,0
31,0.1049999999799973,0.05,0,0.005,0,0,0,2,0,0,1,0,0
32,0.1099999999799973,0.05,0,0.005,0,0,0,2,0,0,1,0,0
33,0.1149999999799973,0.05,0,0.005,0,0,0,2,0,0,1,0,0
34,0.1199999999799973,0.05,0,0.005,0,0,0,2,0,0,1,0,0
35,0.1249999999799973,0.05,0,0.005,0,0,0,2,0,0,1,0,0
36,0.1299999999799973,0.05,0,0.005,0,0,0,2,0,0,1,0,0
37,0.1349999999799973,0.05,0,0.005,0,0,0,2,0,0,1,0,0
38,0.1399999999799973,0.05,0,0.005,0,0,0,2,0,0,1,0,0
39,0.1449999999799973,0.05,0,0.005,0,0,0,2,0,0,1,0,0
40,0.1499999999799973,0.05,0,0.005,0,0,0,2,0,0,1,0,0
41,0.1549999999799973,0.05,0,0.005,0,0,0,2,0,0,1,0,0
42,0.1599999999799973,0.05,0,0.005,0,0,0,2,0,0,1,0,0
43,0.1649999999799973,0.05,0,0.005,0,0,0,2,0,0,1,0,0
44,0.1699999999799973,0.05,0,0.005,0,0,0,2,0,0,1,0,0
45,0.1749999999799973,0.05,0,0.005,0,0,0,2,0,0,1,0,0
46,0.1799999999799973,0.05,0,0.005,0,0,0,2,0,0,1,0,0
47,0.1849999999799973,0.05,0,0.005,0,0,0,2,0,0,1,0,0
48,0.1899999999799973,0.05,0,0.005,0,0,0,2,0,0,1,0,0
49,0.1949999999799973,0.05,0,0.005,0,0,0,2,0,0,1,0,0
50,0.1999999999799973,0.05,0,0.005,0,0,0,2,0,0,1,0,0
51,0.2049999999799973,0.05,0,0.005,0,0,0,2,0,0,1,0,0
52,0.2099999999799973,0.05,0,0.005,0,0,0,2,0,0,1,0,0
53,0.2149999999799973,0.05,0,0.005,0,0,0,2,0,0,1,0,0
54,0.2199999999799973,0.05,0,0.005,0,0,0,2,0,0,1,0,0
55,0.2249999999799973,0.05,0,0.005,0,0,0,2,0,0,1,0,0
56,0.2299999999799973,0.05,0,0.005,0,0,0,2,0,0,1,0,0
57,0.2349999999799973,0.05,0,0.005,0,0,0,2,0,0,1,0,0
58,0.2399999999799973,0.05,0,0.005,0,0,0,2,0,0,1,0,0
59,0.2449999999799973,0.05,0,0.005,0,0,0,2,0,0,1,0,0
60,0.2499999999799973,0.05,0,0.005,0,0,0,2,0,0,1,0,0
61,0.2549999999799973,0.05,0,0.005,0,0,0,2,0,0,1,0,0
62,0.2599999999799973,0.05,0,0.005,0,0,0,2,0,0,1,0,0
63,0.2649999999799973,0.05,0,0.005,0,0,0,2,0,0,1,0,0
64,0.2699999999799973,0.05,0,0.005,0,0,0,2,0,0,1,0,0
65,0.2749999999799973,0.05,0,0.005,0,0,0,2,0,0,1,0,0
66,0.2799999999799973,0.05,0,0.005,0,0,0,2,0,0,1,0,0
67,0.2849999999799973,0.05,0,0.005,0,0,0,2,0,0,1,0,0
68,0.2899999999799974,0.05,0,0.005,0,0,0,2,0,0,1,0,0
69,0.2949999999799974,0.05,0,0.005,0,0,0,2,0,0,1,0,0
70,0.2999999999799974,0.05,0,0.005,0,0,0,2,0,0,1,0,0
71,0.3049999999799974,0.05,0,0.005,0,0,0,2,0,0,1,0,0
72,0.3099999999799974,0.05,0,0.005,0,0,0,2,0,0,1,0,0
73,0.3149999999799974,0.05,0,0.005,0,0,0,2,0,0,1,0,0
74,0.3199999999799974,0.05,0,0.005,0,0,0,2,0,0,1,0,0
75,0.3249999999799973,0.05,0,0.005,0,0,0,2,0,0,1,0,0
76,0.3299999999799973,0.05,0,0.005,0,0,0,2,0,0,1,0,0
77,0.3349999999799974,0.05,0,0.005,0,0,0,2,0,0,1,0,0
78,0.3399999999799974,0.05,0,0.005,0,0,0,2,0,0,1,0,0
79,0.3449999999799974,0.05,0,0.005,0,0,0,2,0,0,1,0,0
80,0.3499999999799974,0.05,0,0.005,0,0,0,2,0,0,1,0,0
81,0.3549999999799974,0.05,0,0.005,0,0,0,2,0,0,1,0,0
82,0.3599999999799974,0.05,0,0.005,0,0,0,2,0,0,1,0,0
83,0.3649999999799974,0.05,0,0.005,0,0,0,2,0,0,1,0,0
84,0.3699999999799974,0.05,0,0.005,0,0,0,2,0,0,1,0,0
85,0.3749999999799974,0.05,0,0.005,0,0,0,2,0,0,1,0,0
86,0.3799999999799973,0.05,0,0.005,0,0,0,2,0,0,1,0,0
87,0.3849999999799973,0.05,0,0.005,0,0,0,2,0,0,1,0,0
88,0.3899999999799973,0.05,0,0.005,0,0,0,2,0,0,1,0,0
89,0.3949999999799974,0.05,0,0.005,0,0,0,2,0,0,1,0,0
90,0.3999999999799974,0.05,0,0.005,0,0,0,2,0,0,1,0,0
91,0.4049999999799974,0.05,0,0.005,0,0,0,2,0,0,1,0,0
92,0.4099999999799974,0.05,0,0.005,0,0,0,2,0,0,1,0,0
93,0.4149999999799974,0.05,0,0.005,0,0,0,2,0,0,1,0,0
94,0.4199999999799974,0.05,0,0.005,0,0,0,2,0,0,1,0,0
95,0.4249999999799974,0.05,0,0.005,0,0,0,2,0,0,1,0,0
96,0.4299999999799974,0.05,0,0.005,0,0,0,2,0,0,1,0,0
97,0.4349999999799974,0.05,0,0.005,0,0,0,2,0,0,1,0,0
98,0.4399999999799974,0.05,0,0.005,0,0,0,2,0,0,1,0,0
99,0.4449999999799974,0.05,0,0.005,0,0,0,2,0,0,1,0,0
100,0.4499999999799974,0.05,0,0.005,0,0,0,2,0,0,1,0,0
101,0.4549999999799974,0.05,0,0.005,0,0,0,2,0,0,1,0,0
102,0.4599999999799974,0.05,0,0.005,0,0,0,2,0,0,1,0,0
103,0.4649999999799974,0.05,0,0.005,0,0,0,2,0,0,1,0,0
104,0.4699999999799974,0.05,0,0.005,0,0,0,2,0,0,1,0,0
105,0.4749999999799974,0.05,0,0.005,0,0,0,2,0,0,1,0,0
106,0.4799999999799974,0.05,0,0.005,0,0,0,2,0,0,1,0,0
107,0.4849999999799974,0.05,0,0.005,0,0,0,2,0,0,1,0,0
108,0.4899999999799974,0.05,0,0.005,0,0,0,2,0,0,1,0,0
109,0.4949999999799974,0.05,0,0.005,0,0,0,2,0,0,1,0,0
110,0.4999999999799974,0.05,0,0.005,0,0,0,2,0,0,1,0,0
111,0.5049999999799973,0.05,0,0.005,0,0,0,2,0,0,1,0,0
112,0.5099999999799973,0.05,0,0.005,0,0,0,2,0,0,1,0,0
113,0.5149999999799973,0.05,0,0.005,0,0,0,2,0,0,1,0,0
114,0.5199999999799974,0.05,0,0.005,0,0,0,2,0,0,1,0,0
115,0.5249999999799974,0.05,0,0.005,0,0,0,2,0,0,1,0,0
116,0.5299999999799974,0.05,0,0.005,0,0,0,2,0,0,1,0,0
117,0.5349999999799974,0.05,0,0.005,0,0,0,2,0,0,1,0,0
118,0.5399999999799974,0.05,0,0.005,0,0,0,2,0,0,1,0,0
119,0.5449999999799974,0.05,0,0.005,0,0,0,2,0,0,1,0,0
120,0.5499999999799974,0.05,0,0.005,0,0,0,2,0,0,1,0,0
121,0.5549999999799974,0.05,0,0.005,0,0,0,2,0,0,1,0,0
122,0.5599999999799974,0.05,0,0.005,0,0,0,2,0,0,1,0,0
123,0.5649999999799974,0.05,0,0.005,0,0,0,2,0,0,1,0,0
124,0.5699999999799974,0.05,0,0.005,0,0,0,2,0,0,1,0,0
125,0.5749999999799974,0.05,0,0.005,0,0,0,2,0,0,1,0,0
126,0.5799999999799974,0.05,0,0.005,0,0,0,2,0,0,1,0,0
127,0.5849999999799974,0.05,0,0.005,0,0,0,2,0,0,1,0,0
128,0.5899999999799974,0.05,0,0.005,0,0,0,2,0,0,1,0,0
129,0.5949999999799974,0.05,0,0.005,0,0,0,2,0,0,1,0,0
130,0.5999999999799974,0.05,0,0.005,0,0,0,2,0,0,1,0,0
131,0.6049999999799974,0.05,0,0.005,0,0,0,2,0,0,1,0,0
132,0.6099999999799974,0.05,0,0.005,0,0,0,2,0,0,1,0,0
133,0.6149999999799973,0.05,0,0.005,0,0,0,2,0,0,1,0,0
134,0.6199999999799974,0.05,0,0.005,0,0,0,2,0,0,1,0,0
135,0.6249999999799973,0.05,0,0.005,0,0,0,2,0,0,1,0,0
136,0.6299999999799973,0.05,0,0.005,0,0,0,2,0,0,1,0,0
137,0.6349999999799973,0.05,0,0.005,0,0,0,2,0,0,1,0,0
138,0.6399999999799973,0.05,0,0.005,0,0,0,2,0,0,1,0,0
139,0.6449999999799974,0.05,0,0.005,0,0,0,2,0,0,1,0,0
140,0.6499999999799974,0.05,0,0.005,0,0,0,2,0,0,1,0,0
141,0.6549999999799974,0.05,0,0.005,0,0,0,2,0,0,1,0,0
142,0.6599999999799974,0.05,0,0.005,0,0,0,2,0,0,1,0,0
143,0.6649999999799974,0.05,0,0.005,0,0,0,2,0,0,1,0,0
144,0.6699999999799974,0.05,0,0.005,0,0,0,2,0,0,1,0,0
145,0.6749999999799974,0.05,0,0.005,0,0,0,2,0,0,1,0,0
146,0.6799999999799974,0.05,0,0.005,0,0,0,2,0,0,1,0,0
147,0.6849999999799974,0.05,0,0.005,0,0,0,2,0,0,1,0,0
148,0.6899999999799974,0.05,0,0.005,0,0,0,2,0,0,1,0,0
149,0.6949999999799974,0.05,0,0.005,0,0,0,2,0,0,1,0,0
150,0.6999999999799974,0.05,0,0.005,0,0,0,2,0,0,1,0,0
151,0.7049999999799974,0.05,0,0.005,0,0,0,2,0,0,1,0,0
152,0.7099999999799974,0.05,0,0.005,0,0,0,2,0,0,1,0,0
153,0.7149999999799974,0.05,0,0.005,0,0,0,2,0,0,1,0,0
154,0.7199999999799974,0.05,0,0.005,0,0,0,2,0,0,1,0,0
155,0.7249999999799974,0.05,0,0.005,0,0,0,2,0,0,1,0,0
156,0.7299999999799973,0.05,0,0.005,0,0,0,2,0,0,1,0,0
157,0.7349999999799974,0.05,0,0.005,0,0,0,2,0,0,1,0,0
158,0.7399999999799973,0.05,0,0.005,0,0,0,2,0,0,1,0,0
159,0.7449999999799974,0.05,0,0.005,0,0,0,2,0,0,1,0,0
160,0.7499999999799973,0.05,0,0.005,0,0,0,2,0,0,1,0,0
161,0.7549999999799974,0.05,0,0.005,0,0,0,2,0,0,1,0,0
162,0.7599999999799973,0.05,0,0.005,0,0,0,2,0,0,1,0,0
163,0.7649999999799975,0.05,0,0.005,0,0,0,2,0,0,1,0,0
164,0.7699999999799974,0.05,0,0.005,0,0,0,2,0,0,1,0,0
165,0.7749999999799974,0.05,0,0.005,0,0,0,2,0,0,1,0,0
166,0.7799999999799974,0.05,0,0.005,0,0,0,2,0,0,1,0,0
167,0.7849999999799974,0.05,0,0.005,0,0,0,2,0,0,1,0,0
168,0.7899999999799974,0.05,0,0.005,0,0,0,2,0,0,1,0,0
169,0.7949999999799974,0.05,0,0.005,0,0,0,2,0,0,1,0,0
170,0.7999999999799974,0.05,0,0.005,0,0,0,2,0,0,1,0,0
170.0000000400009,0.8000000001800018,0.05,0,0.005,0,0,0,2,0,0,1,0,0
170.0000000400009,0.8000000001800018,0.05,0,0,0,1,0,3,0,0,0,0,0
171,0.8000000001800018,0.05,0.9999999599991161,0,0,1,0,3,0,0,0,0,0
172,0.8000000001800018,0.05,1.999999959999118,0,0,1,0,3,0,0,0,0,0
173,0.8000000001800018,0.05,2.999999959999118,0,0,1,0,3,0,0,0,0,0
174,0.8000000001800018,0.05,3.999999959999121,0,0,1,0,3,0,0,0,0,0
175,0.8000000001800018,0.05,4.999999959999121,0,0,1,0,3,0,0,0,0,0
176,0.8000000001800018,0.05,5.999999959999121,0,0,1,0,3,0,0,0,0,0
177,0.8000000001800018,0.05,6.999999959999121,0,0,1,0,3,0,0,0,0,0
178,0.8000000001800018,0.05,7.999999959999128,0,0,1,0,3,0,0,0,0,0
179,0.8000000001800018,0.05,8.999999959999128,0,0,1,0,3,0,0,0,0,0
180,0.8000000001800018,0.05,9.999999959999128,0,0,1,0,3,0,0,0,0,0
180.0000000420032,0.8000000001800018,0.05,10.00000000200232,0,0,1,0,3,0,0,0,0,0
180.0000000420032,0.8000000001800018,0.05,10.00000000200232,-0.00375,0.003214285714285714,0,0,4,0,0,0,1,0
181,0.7962500003375139,0.05321428557927545,10.00000000200232,-0.00375,0.003214285714285714,0,0,4,0,0,0,1,0
182,0.7925000003375139,0.05642857129356112,10.00000000200232,-0.00375,0.003214285714285714,0,0,4,0,0,0,1,0
183,0.788750000337514,0.05964285700784683,10.00000000200232,-0.00375,0.003214285714285714,0,0,4,0,0,0,1,0
184,0.7850000003375139,0.06285714272213257,10.00000000200232,-0.00375,0.003214285714285714,0,0,4,0,0,0,1,0
185,0.7812500003375139,0.06607142843641828,10.00000000200232,-0.00375,0.003214285714285714,0,0,4,0,0,0,1,0
186,0.7775000003375139,0.069285714150704,10.00000000200232,-0.00375,0.003214285714285714,0,0,4,0,0,0,1,0
187,0.773750000337514,0.07249999986498971,10.00000000200232,-0.00375,0.003214285714285714,0,0,4,0,0,0,1,0
188,0.7700000003375138,0.07571428557927544,10.00000000200232,-0.00375,0.003214285714285714,0,0,4,0,0,0,1,0
189,0.7662500003375139,0.07892857129356115,10.00000000200232,-0.00375,0.003214285714285714,0,0,4,0,0,0,1,0
190,0.7625000003375139,0.08214285700784688,10.00000000200232,-0.00375,0.003214285714285714,0,0,4,0,0,0,1,0
191,0.7587500003375138,0.08535714272213259,10.00000000200232,-0.00375,0.003214285714285714,0,0,4,0,0,0,1,0
192,0.7550000003375139,0.0885714284364183,10.00000000200232,-0.00375,0.003214285714285714,0,0,4,0,0,0,1,0
193,0.7512500003375139,0.09178571415070401,10.00000000200232,-0.00375,0.003214285714285714,0,0,4,0,0,0,1,0
194,0.7475000003375138,0.09499999986498972,10.00000000200232,-0.00375,0.003214285714285714,0,0,4,0,0,0,1,0
195,0.7437500003375138,0.09821428557927545,10.00000000200232,-0.00375,0.003214285714285714,0,0,4,0,0,0,1,0
196,0.7400000003375138,0.1014285712935612,10.00000000200232,-0.00375,0.003214285714285714,0,0,4,0,0,0,1,0
197,0.7362500003375138,0.1046428570078469,10.00000000200232,-0.00375,0.003214285714285714,0,0,4,0,0,0,1,0
198,0.7325000003375138,0.1078571427221326,10.00000000200232,-0.00375,0.003214285714285714,0,0,4,0,0,0,1,0
199,0.7287500003375138,0.1110714284364183,10.00000000200232,-0.00375,0.003214285714285714,0,0,4,0,0,0,1,0
200,0.7250000003375138,0.114285714150704,10.00000000200232,-0.00375,0.003214285714285714,0,0,4,0,0,0,1,0
201,0.7212500003375137,0.1174999998649897,10.00000000200232,-0.00375,0.003214285714285714,0,0,4,0,0,0,1,0
202,0.7175000003375138,0.1207142855792755,10.00000000200232,-0.00375,0.003214285714285714,0,0,4,0,0,0,1,0
203,0.7137500003375138,0.1239285712935612,10.00000000200232,-0.00375,0.003214285714285714,0,0,4,0,0,0,1,0
204,0.7100000003375138,0.1271428570078469,10.00000000200232,-0.00375,0.003214285714285714,0,0,4,0,0,0,1,0
205,0.7062500003375138,0.1303571427221326,10.00000000200232,-0.00375,0.003214285714285714,0,0,4,0,0,0,1,0
206,0.7025000003375138,0.1335714284364183,10.00000000200232,-0.00375,0.003214285714285714,0,0,4,0,0,0,1,0
207,0.6987500003375138,0.136785714150704,10.00000000200232,-0.00375,0.003214285714285714,0,0,4,0,0,0,1,0
208,0.6950000003375137,0.1399999998649897,10.00000000200232,-0.00375,0.003214285714285714,0,0,4,0,0,0,1,0
209,0.6912500003375138,0.1432142855792755,10.00000000200232,-0.00375,0.003214285714285714,0,0,4,0,0,0,1,0
210,0.6875000003375138,0.1464285712935612,10.00000000200232,-0.00375,0.003214285714285714,0,0,4,0,0,0,1,0
211,0.6837500003375138,0.1496428570078469,10.00000000200232,-0.00375,0.003214285714285714,0,0,4,0,0,0,1,0
212,0.6800000003375137,0.1528571427221326,10.00000000200232,-0.00375,0.003214285714285714,0,0,4,0,0,0,1,0
213,0.6762500003375138,0.1560714284364183,10.00000000200232,-0.00375,0.003214285714285714,0,0,4,0,0,0,1,0
214,0.6725000003375138,0.159285714150704,10.00000000200232,-0.00375,0.003214285714285714,0,0,4,0,0,0,1,0
215,0.6687500003375138,0.1624999998649897,10.00000000200232,-0.00375,0.003214285714285714,0,0,4,0,0,0,1,0
216,0.6650000003375137,0.1657142855792754,10.00000000200232,-0.00375,0.003214285714285714,0,0,4,0,0,0,1,0
217,0.6612500003375138,0.1689285712935611,10.00000000200232,-0.00375,0.003214285714285714,0,0,4,0,0,0,1,0
218,0.6575000003375138,0.1721428570078469,10.00000000200232,-0.00375,0.003214285714285714,0,0,4,0,0,0,1,0
219,0.6537500003375137,0.1753571427221326,10.00000000200232,-0.00375,0.003214285714285714,0,0,4,0,0,0,1,0
220,0.6500000003375137,0.1785714284364183,10.00000000200232,-0.00375,0.003214285714285714,0,0,4,0,0,0,1,0
220.0000000440014,0.6500000001725085,0.1785714285778514,10.00000000200232,-0.00375,0.003214285714285714,0,0,4,0,0,0,1,0
220.0000000440014,0.6500000001725085,0.1785714285778514,10.00000000200232,0,0,0,0,4,1,0,0,0,0
221,0.6500000001725085,0.1785714285778514,10.00000000200232,0,0,0,0,4,1,0,0,0,0
222,0.6500000001725085,0.1785714285778514,10.00000000200232,0,0,0,0,4,1,0,0,0,0
223,0.6500000001725085,0.1785714285778514,10.00000000200232,0,0,0,0,4,1,0,0,0,0
224,0.6500000001725085,0.1785714285778514,10.00000000200232,0,0,0,0,4,1,0,0,0,0
225,0.6500000001725085,0.1785714285778514,10.00000000200232,0,0,0,0,4,1,0,0,0,0
226,0.6500000001725085,0.1785714285778514,10.00000000200232,0,0,0,0,4,1,0,0,0,0
227,0.6500000001725085,0.1785714285778514,10.00000000200232,0,0,0,0,4,1,0,0,0,0
228,0.6500000001725085,0.1785714285778514,10.00000000200232,0,0,0,0,4,1,0,0,0,0
229,0.6500000001725085,0.1785714285778514,10.00000000200232,0,0,0,0,4,1,0,0,0,0
230,0.6500000001725085,0.1785714285778514,10.00000000200232,0,0,0,0,4,1,0,0,0,0
231,0.6500000001725085,0.1785714285778514,10.00000000200232,0,0,0,0,4,1,0,0,0,0
232,0.6500000001725085,0.1785714285778514,10.00000000200232,0,0,0,0,4,1,0,0,0,0
233,0.6500000001725085,0.1785714285778514,10.00000000200232,0,0,0,0,4,1,0,0,0,0
234,0.6500000001725085,0.1785714285778514,10.00000000200232,0,0,0,0,4,1,0,0,0,0
235,0.6500000001725085,0.1785714285778514,10.00000000200232,0,0,0,0,4,1,0,0,0,0
236,0.6500000001725085,0.1785714285778514,10.00000000200232,0,0,0,0,4,1,0,0,0,0
237,0.6500000001725085,0.1785714285778514,10.00000000200232,0,0,0,0,4,1,0,0,0,0
238,0.6500000001725085,0.1785714285778514,10.00000000200232,0,0,0,0,4,1,0,0,0,0
239,0.6500000001725085,0.1785714285778514,10.00000000200232,0,0,0,0,4,1,0,0,0,0
240,0.6500000001725085,0.1785714285778514,10.00000000200232,0,0,0,0,4,1,0,0,0,0
241,0.6500000001725085,0.1785714285778514,10.00000000200232,0,0,0,0,4,1,0,0,0,0
242,0.6500000001725085,0.1785714285778514,10.00000000200232,0,0,0,0,4,1,0,0,0,0
243,0.6500000001725085,0.1785714285778514,10.00000000200232,0,0,0,0,4,1,0,0,0,0
244,0.6500000001725085,0.1785714285778514,10.00000000200232,0,0,0,0,4,1,0,0,0,0
245,0.6500000001725085,0.1785714285778514,10.00000000200232,0,0,0,0,4,1,0,0,0,0
246,0.6500000001725085,0.1785714285778514,10.00000000200232,0,0,0,0,4,1,0,0,0,0
247,0.6500000001725085,0.1785714285778514,10.00000000200232,0,0,0,0,4,1,0,0,0,0
248,0.6500000001725085,0.1785714285778514,10.00000000200232,0,0,0,0,4,1,0,0,0,0
249,0.6500000001725085,0.1785714285778514,10.00000000200232,0,0,0,0,4,1,0,0,0,0
250,0.6500000001725085,0.1785714285778514,10.00000000200232,0,0,0,0,4,1,0,0,0,0
251,0.6500000001725085,0.1785714285778514,10.00000000200232,0,0,0,0,4,1,0,0,0,0
252,0.6500000001725085,0.1785714285778514,10.00000000200232,0,0,0,0,4,1,0,0,0,0
253,0.6500000001725085,0.1785714285778514,10.00000000200232,0,0,0,0,4,1,0,0,0,0
254,0.6500000001725085,0.1785714285778514,10.00000000200232,0,0,0,0,4,1,0,0,0,0
255,0.6500000001725085,0.1785714285778514,10.00000000200232,0,0,0,0,4,1,0,0,0,0
256,0.6500000001725085,0.1785714285778514,10.00000000200232,0,0,0,0,4,1,0,0,0,0
257,0.6500000001725085,0.1785714285778514,10.00000000200232,0,0,0,0,4,1,0,0,0,0
258,0.6500000001725085,0.1785714285778514,10.00000000200232,0,0,0,0,4,1,0,0,0,0
259,0.6500000001725085,0.1785714285778514,10.00000000200232,0,0,0,0,4,1,0,0,0,0
260,0.6500000001725085,0.1785714285778514,10.00000000200232,0,0,0,0,4,1,0,0,0,0
261,0.6500000001725085,0.1785714285778514,10.00000000200232,0,0,0,0,4,1,0,0,0,0
262,0.6500000001725085,0.1785714285778514,10.00000000200232,0,0,0,0,4,1,0,0,0,0
263,0.6500000001725085,0.1785714285778514,10.00000000200232,0,0,0,0,4,1,0,0,0,0
264,0.6500000001725085,0.1785714285778514,10.00000000200232,0,0,0,0,4,1,0,0,0,0
265,0.6500000001725085,0.1785714285778514,10.00000000200232,0,0,0,0,4,1,0,0,0,0
266,0.6500000001725085,0.1785714285778514,10.00000000200232,0,0,0,0,4,1,0,0,0,0
267,0.6500000001725085,0.1785714285778514,10.00000000200232,0,0,0,0,4,1,0,0,0,0
268,0.6500000001725085,0.1785714285778514,10.00000000200232,0,0,0,0,4,1,0,0,0,0
269,0.6500000001725085,0.1785714285778514,10.00000000200232,0,0,0,0,4,1,0,0,0,0
270,0.6500000001725085,0.1785714285778514,10.00000000200232,0,0,0,0,4,1,0,0,0,0
271,0.6500000001725085,0.1785714285778514,10.00000000200232,0,0,0,0,4,1,0,0,0,0
272,0.6500000001725085,0.1785714285778514,10.00000000200232,0,0,0,0,4,1,0,0,0,0
273,0.6500000001725085,0.1785714285778514,10.00000000200232,0,0,0,0,4,1,0,0,0,0
274,0.6500000001725085,0.1785714285778514,10.00000000200232,0,0,0,0,4,1,0,0,0,0
275,0.6500000001725085,0.1785714285778514,10.00000000200232,0,0,0,0,4,1,0,0,0,0
276,0.6500000001725085,0.1785714285778514,10.00000000200232,0,0,0,0,4,1,0,0,0,0
277,0.6500000001725085,0.1785714285778514,10.00000000200232,0,0,0,0,4,1,0,0,0,0
278,0.6500000001725085,0.1785714285778514,10.00000000200232,0,0,0,0,4,1,0,0,0,0
279,0.6500000001725085,0.1785714285778514,10.00000000200232,0,0,0,0,4,1,0,0,0,0
280,0.6500000001725085,0.1785714285778514,10.00000000200232,0,0,0,0,4,1,0,0,0,0
280.0000000560021,0.6500000001725085,0.1785714285778514,10.00000000200232,0,0,0,0,4,1,0,0,0,0
280.0000000560021,0.6500000001725085,0.1785714285778514,10.00000000200232,-0.00375,0.003214285714285714,0,0,4,0,0,0,1,0
281,0.6462500003825163,0.1817857141121304,10.00000000200232,-0.00375,0.003214285714285714,0,0,4,0,0,0,1,0
282,0.6425000003825164,0.184999999826416,10.00000000200232,-0.00375,0.003214285714285714,0,0,4,0,0,0,1,0
283,0.6387500003825165,0.1882142855407017,10.00000000200232,-0.00375,0.003214285714285714,0,0,4,0,0,0,1,0
284,0.6350000003825164,0.1914285712549875,10.00000000200232,-0.00375,0.003214285714285714,0,0,4,0,0,0,1,0
285,0.6312500003825163,0.1946428569692732,10.00000000200232,-0.00375,0.003214285714285714,0,0,4,0,0,0,1,0
286,0.6275000003825163,0.1978571426835589,10.00000000200232,-0.00375,0.003214285714285714,0,0,4,0,0,0,1,0
287,0.6237500003825164,0.2010714283978446,10.00000000200232,-0.00375,0.003214285714285714,0,0,4,0,0,0,1,0
288,0.6200000003825165,0.2042857141121303,10.00000000200232,-0.00375,0.003214285714285714,0,0,4,0,0,0,1,0
289,0.6162500003825164,0.207499999826416,10.00000000200232,-0.00375,0.003214285714285714,0,0,4,0,0,0,1,0
290,0.6125000003825165,0.2107142855407017,10.00000000200232,-0.00375,0.003214285714285714,0,0,4,0,0,0,1,0
291,0.6087500003825165,0.2139285712549874,10.00000000200232,-0.00375,0.003214285714285714,0,0,4,0,0,0,1,0
292,0.6050000003825164,0.2171428569692731,10.00000000200232,-0.00375,0.003214285714285714,0,0,4,0,0,0,1,0
293,0.6012500003825165,0.2203571426835588,10.00000000200232,-0.00375,0.003214285714285714,0,0,4,0,0,0,1,0
294,0.5975000003825165,0.2235714283978446,10.00000000200232,-0.00375,0.003214285714285714,0,0,4,0,0,0,1,0
295,0.5937500003825165,0.2267857141121302,10.00000000200232,-0.00375,0.003214285714285714,0,0,4,0,0,0,1,0
296,0.5900000003825165,0.229999999826416,10.00000000200232,-0.00375,0.003214285714285714,0,0,4,0,0,0,1,0
297,0.5862500003825165,0.2332142855407017,10.00000000200232,-0.00375,0.003214285714285714,0,0,4,0,0,0,1,0
298,0.5825000003825165,0.2364285712549874,10.00000000200232,-0.00375,0.003214285714285714,0,0,4,0,0,0,1,0
299,0.5787500003825166,0.2396428569692731,10.00000000200232,-0.00375,0.003214285714285714,0,0,4,0,0,0,1,0
300,0.5750000003825165,0.2428571426835588,10.00000000200232,-0.00375,0.003214285714285714,0,0,4,0,0,0,1,0
301,0.5712500003825165,0.2460714283978445,10.00000000200232,-0.00375,0.003214285714285714,0,0,4,0,0,0,1,0
302,0.5675000003825166,0.2492857141121302,10.00000000200232,-0.00375,0.003214285714285714,0,0,4,0,0,0,1,0
303,0.5637500003825165,0.252499999826416,10.00000000200232,-0.00375,0.003214285714285714,0,0,4,0,0,0,1,0
304,0.5600000003825165,0.2557142855407017,10.00000000200232,-0.00375,0.003214285714285714,0,0,4,0,0,0,1,0
305,0.5562500003825165,0.2589285712549874,10.00000000200232,-0.00375,0.003214285714285714,0,0,4,0,0,0,1,0
306,0.5525000003825166,0.2621428569692731,10.00000000200232,-0.00375,0.003214285714285714,0,0,4,0,0,0,1,0
307,0.5487500003825165,0.2653571426835588,10.00000000200232,-0.00375,0.003214285714285714,0,0,4,0,0,0,1,0
308,0.5450000003825165,0.2685714283978445,10.00000000200232,-0.00375,0.003214285714285714,0,0,4,0,0,0,1,0
309,0.5412500003825165,0.2717857141121303,10.00000000200232,-0.00375,0.003214285714285714,0,0,4,0,0,0,1,0
310,0.5375000003825166,0.274999999826416,10.00000000200232,-0.00375,0.003214285714285714,0,0,4,0,0,0,1,0
311,0.5337500003825165,0.2782142855407017,10.00000000200232,-0.00375,0.003214285714285714,0,0,4,0,0,0,1,0
312,0.5300000003825165,0.2814285712549874,10.00000000200232,-0.00375,0.003214285714285714,0,0,4,0,0,0,1,0
313,0.5262500003825165,0.2846428569692732,10.00000000200232,-0.00375,0.003214285714285714,0,0,4,0,0,0,1,0
314,0.5225000003825165,0.2878571426835589,10.00000000200232,-0.00375,0.003214285714285714,0,0,4,0,0,0,1,0
315,0.5187500003825165,0.2910714283978446,10.00000000200232,-0.00375,0.003214285714285714,0,0,4,0,0,0,1,0
316,0.5150000003825165,0.2942857141121303,10.00000000200232,-0.00375,0.003214285714285714,0,0,4,0,0,0,1,0
317,0.5112500003825164,0.297499999826416,10.00000000200232,-0.00375,0.003214285714285714,0,0,4,0,0,0,1,0
318,0.5075000003825165,0.3007142855407017,10.00000000200232,-0.00375,0.003214285714285714,0,0,4,0,0,0,1,0
319,0.5037500003825165,0.3039285712549875,10.00000000200232,-0.00375,0.003214285714285714,0,0,4,0,0,0,1,0
320,0.5000000003825165,0.3071428569692731,10.00000000200232,-0.00375,0.003214285714285714,0,0,4,0,0,0,1,0
321,0.4962500003825165,0.3103571426835589,10.00000000200232,-0.00375,0.003214285714285714,0,0,4,0,0,0,1,0
322,0.4925000003825165,0.3135714283978446,10.00000000200232,-0.00375,0.003214285714285714,0,0,4,0,0,0,1,0
323,0.4887500003825165,0.3167857141121303,10.00000000200232,-0.00375,0.003214285714285714,0,0,4,0,0,0,1,0
324,0.4850000003825165,0.319999999826416,10.00000000200232,-0.00375,0.003214285714285714,0,0,4,0,0,0,1,0
325,0.4812500003825165,0.3232142855407018,10.00000000200232,-0.00375,0.003214285714285714,0,0,4,0,0,0,1,0
326,0.4775000003825165,0.3264285712549874,10.00000000200232,-0.00375,0.003214285714285714,0,0,4,0,0,0,1,0
327,0.4737500003825165,0.3296428569692731,10.00000000200232,-0.00375,0.003214285714285714,0,0,4,0,0,0,1,0
328,0.4700000003825165,0.3328571426835589,10.00000000200232,-0.00375,0.003214285714285714,0,0,4,0,0,0,1,0
329,0.4662500003825165,0.3360714283978446,10.00000000200232,-0.00375,0.003214285714285714,0,0,4,0,0,0,1,0
330,0.4625000003825165,0.3392857141121303,10.00000000200232,-0.00375,0.003214285714285714,0,0,4,0,0,0,1,0
331,0.4587500003825165,0.342499999826416,10.00000000200232,-0.00375,0.003214285714285714,0,0,4,0,0,0,1,0
332,0.4550000003825165,0.3457142855407017,10.00000000200232,-0.00375,0.003214285714285714,0,0,4,0,0,0,1,0
333,0.4512500003825165,0.3489285712549874,10.00000000200232,-0.00375,0.003214285714285714,0,0,4,0,0,0,1,0
334,0.4475000003825165,0.3521428569692732,10.00000000200232,-0.00375,0.003214285714285714,0,0,4,0,0,0,1,0
335,0.4437500003825165,0.3553571426835589,10.00000000200232,-0.00375,0.003214285714285714,0,0,4,0,0,0,1,0
336,0.4400000003825165,0.3585714283978446,10.00000000200232,-0.00375,0.003214285714285714,0,0,4,0,0,0,1,0
337,0.4362500003825165,0.3617857141121303,10.00000000200232,-0.00375,0.003214285714285714,0,0,4,0,0,0,1,0
338,0.4325000003825165,0.364999999826416,10.00000000200232,-0.00375,0.003214285714285714,0,0,4,0,0,0,1,0
339,0.4287500003825165,0.3682142855407017,10.00000000200232,-0.00375,0.003214285714285714,0,0,4,0,0,0,1,0
340,0.4250000003825165,0.3714285712549875,10.00000000200232,-0.00375,0.003214285714285714,0,0,4,0,0,0,1,0
341,0.4212500003825165,0.3746428569692731,10.00000000200232,-0.00375,0.003214285714285714,0,0,4,0,0,0,1,0
342,0.4175000003825165,0.3778571426835589,10.00000000200232,-0.00375,0.003214285714285714,0,0,4,0,0,0,1,0
343,0.4137500003825165,0.3810714283978446,10.00000000200232,-0.00375,0.003214285714285714,0,0,4,0,0,0,1,0
344,0.4100000003825165,0.3842857141121303,10.00000000200232,-0.00375,0.003214285714285714,0,0,4,0,0,0,1,0
345,0.4062500003825165,0.387499999826416,10.00000000200232,-0.00375,0.003214285714285714,0,0,4,0,0,0,1,0
346,0.4025000003825165,0.3907142855407017,10.00000000200232,-0.00375,0.003214285714285714,0,0,4,0,0,0,1,0
347,0.3987500003825165,0.3939285712549874,10.00000000200232,-0.00375,0.003214285714285714,0,0,4,0,0,0,1,0
348,0.3950000003825165,0.3971428569692731,10.00000000200232,-0.00375,0.003214285714285714,0,0,4,0,0,0,1,0
349,0.3912500003825164,0.4003571426835588,10.00000000200232,-0.00375,0.003214285714285714,0,0,4,0,0,0,1,0
350,0.3875000003825165,0.4035714283978445,10.00000000200232,-0.00375,0.003214285714285714,0,0,4,0,0,0,1,0
351,0.3837500003825165,0.4067857141121303,10.00000000200232,-0.00375,0.003214285714285714,0,0,4,0,0,0,1,0
352,0.3800000003825165,0.409999999826416,10.00000000200232,-0.00375,0.003214285714285714,0,0,4,0,0,0,1,0
353,0.3762500003825164,0.4132142855407017,10.00000000200232,-0.00375,0.003214285714285714,0,0,4,0,0,0,1,0
354,0.3725000003825165,0.4164285712549874,10.00000000200232,-0.00375,0.003214285714285714,0,0,4,0,0,0,1,0
355,0.3687500003825165,0.4196428569692731,10.00000000200232,-0.00375,0.003214285714285714,0,0,4,0,0,0,1,0
356,0.3650000003825165,0.4228571426835588,10.00000000200232,-0.00375,0.003214285714285714,0,0,4,0,0,0,1,0
357,0.3612500003825165,0.4260714283978446,10.00000000200232,-0.00375,0.003214285714285714,0,0,4,0,0,0,1,0
358,0.3575000003825165,0.4292857141121302,10.00000000200232,-0.00375,0.003214285714285714,0,0,4,0,0,0,1,0
359,0.3537500003825165,0.432499999826416,10.00000000200232,-0.00375,0.003214285714285714,0,0,4,0,0,0,1,0
360,0.3500000003825164,0.4357142855407017,10.00000000200232,-0.00375,0.003214285714285714,0,0,4,0,0,0,1,0
361,0.3462500003825165,0.4389285712549874,10.00000000200232,-0.00375,0.003214285714285714,0,0,4,0,0,0,1,0
362,0.3425000003825165,0.4421428569692731,10.00000000200232,-0.00375,0.003214285714285714,0,0,4,0,0,0,1,0
363,0.3387500003825165,0.4453571426835589,10.00000000200232,-0.00375,0.003214285714285714,0,0,4,0,0,0,1,0
364,0.3350000003825165,0.4485714283978446,10.00000000200232,-0.00375,0.003214285714285714,0,0,4,0,0,0,1,0
365,0.3312500003825165,0.4517857141121303,10.00000000200232,-0.00375,0.003214285714285714,0,0,4,0,0,0,1,0
366,0.3275000003825165,0.454999999826416,10.00000000200232,-0.00375,0.003214285714285714,0,0,4,0,0,0,1,0
367,0.3237500003825164,0.4582142855407017,10.00000000200232,-0.00375,0.003214285714285714,0,0,4,0,0,0,1,0
368,0.3200000003825165,0.4614285712549874,10.00000000200232,-0.00375,0.003214285714285714,0,0,4,0,0,0,1,0
369,0.3162500003825165,0.4646428569692731,10.00000000200232,-0.00375,0.003214285714285714,0,0,4,0,0,0,1,0
370,0.3125000003825165,0.4678571426835588,10.00000000200232,-0.00375,0.003214285714285714,0,0,4,0,0,0,1,0
371,0.3087500003825165,0.4710714283978445,10.00000000200232,-0.00375,0.003214285714285714,0,0,4,0,0,0,1,0
372,0.3050000003825165,0.4742857141121303,10.00000000200232,-0.00375,0.003214285714285714,0,0,4,0,0,0,1,0
373,0.3012500003825165,0.477499999826416,10.00000000200232,-0.00375,0.003214285714285714,0,0,4,0,0,0,1,0
374,0.2975000003825164,0.4807142855407017,10.00000000200232,-0.00375,0.003214285714285714,0,0,4,0,0,0,1,0
375,0.2937500003825165,0.4839285712549874,10.00000000200232,-0.00375,0.003214285714285714,0,0,4,0,0,0,1,0
376,0.2900000003825165,0.4871428569692731,10.00000000200232,-0.00375,0.003214285714285714,0,0,4,0,0,0,1,0
377,0.2862500003825165,0.4903571426835588,10.00000000200232,-0.00375,0.003214285714285714,0,0,4,0,0,0,1,0
378,0.2825000003825165,0.4935714283978446,10.00000000200232,-0.00375,0.003214285714285714,0,0,4,0,0,0,1,0
379,0.2787500003825165,0.4967857141121302,10.00000000200232,-0.00375,0.003214285714285714,0,0,4,0,0,0,1,0
380,0.2750000003825165,0.499999999826416,10.00000000200232,-0.00375,0.003214285714285714,0,0,4,0,0,0,1,0
381,0.2712500003825165,0.5032142855407017,10.00000000200232,-0.00375,0.003214285714285714,0,0,4,0,0,0,1,0
382,0.2675000003825165,0.5064285712549874,10.00000000200232,-0.00375,0.003214285714285714,0,0,4,0,0,0,1,0
383,0.2637500003825165,0.5096428569692731,10.00000000200232,-0.00375,0.003214285714285714,0,0,4,0,0,0,1,0
384,0.2600000003825165,0.5128571426835589,10.00000000200232,-0.00375,0.003214285714285714,0,0,4,0,0,0,1,0
385,0.2562500003825165,0.5160714283978446,10.00000000200232,-0.00375,0.003214285714285714,0,0,4,0,0,0,1,0
386,0.2525000003825165,0.5192857141121303,10.00000000200232,-0.00375,0.003214285714285714,0,0,4,0,0,0,1,0
387,0.2487500003825165,0.5224999998264159,10.00000000200232,-0.00375,0.003214285714285714,0,0,4,0,0,0,1,0
388,0.2450000003825165,0.5257142855407017,10.00000000200232,-0.00375,0.003214285714285714,0,0,4,0,0,0,1,0
389,0.2412500003825165,0.5289285712549874,10.00000000200232,-0.00375,0.003214285714285714,0,0,4,0,0,0,1,0
390,0.2375000003825165,0.5321428569692731,10.00000000200232,-0.00375,0.003214285714285714,0,0,4,0,0,0,1,0
391,0.2337500003825165,0.5353571426835588,10.00000000200232,-0.00375,0.003214285714285714,0,0,4,0,0,0,1,0
392,0.2300000003825165,0.5385714283978446,10.00000000200232,-0.00375,0.003214285714285714,0,0,4,0,0,0,1,0
393,0.2262500003825165,0.5417857141121303,10.00000000200232,-0.00375,0.003214285714285714,0,0,4,0,0,0,1,0
394,0.2225000003825165,0.544999999826416,10.00000000200232,-0.00375,0.003214285714285714,0,0,4,0,0,0,1,0
395,0.2187500003825165,0.5482142855407017,10.00000000200232,-0.00375,0.003214285714285714,0,0,4,0,0,0,1,0
396,0.2150000003825165,0.5514285712549875,10.00000000200232,-0.00375,0.003214285714285714,0,0,4,0,0,0,1,0
397,0.2112500003825165,0.5546428569692732,10.00000000200232,-0.00375,0.003214285714285714,0,0,4,0,0,0,1,0
398,0.2075000003825165,0.5578571426835588,10.00000000200232,-0.00375,0.003214285714285714,0,0,4,0,0,0,1,0
399,0.2037500003825165,0.5610714283978445,10.00000000200232,-0.00375,0.003214285714285714,0,0,4,0,0,0,1,0
400,0.2000000003825165,0.5642857141121302,10.00000000200232,-0.00375,0.003214285714285714,0,0,4,0,0,0,1,0
401,0.1962500003825165,0.567499999826416,10.00000000200232,-0.00375,0.003214285714285714,0,0,4,0,0,0,1,0
402,0.1925000003825165,0.5707142855407017,10.00000000200232,-0.00375,0.003214285714285714,0,0,4,0,0,0,1,0
403,0.1887500003825165,0.5739285712549874,10.00000000200232,-0.00375,0.003214285714285714,0,0,4,0,0,0,1,0
404,0.1850000003825165,0.5771428569692731,10.00000000200232,-0.00375,0.003214285714285714,0,0,4,0,0,0,1,0
405,0.1812500003825165,0.5803571426835589,10.00000000200232,-0.00375,0.003214285714285714,0,0,4,0,0,0,1,0
406,0.1775000003825165,0.5835714283978446,10.00000000200232,-0.00375,0.003214285714285714,0,0,4,0,0,0,1,0
407,0.1737500003825165,0.5867857141121303,10.00000000200232,-0.00375,0.003214285714285714,0,0,4,0,0,0,1,0
408,0.1700000003825164,0.5899999998264162,10.00000000200232,-0.00375,0.003214285714285714,0,0,4,0,0,0,1,0
409,0.1662500003825165,0.5932142855407019,10.00000000200232,-0.00375,0.003214285714285714,0,0,4,0,0,0,1,0
410,0.1625000003825164,0.5964285712549876,10.00000000200232,-0.00375,0.003214285714285714,0,0,4,0,0,0,1,0
411,0.1587500003825165,0.5996428569692733,10.00000000200232,-0.00375,0.003214285714285714,0,0,4,0,0,0,1,0
412,0.1550000003825165,0.6028571426835589,10.00000000200232,-0.00375,0.003214285714285714,0,0,4,0,0,0,1,0
413,0.1512500003825165,0.6060714283978448,10.00000000200232,-0.00375,0.003214285714285714,0,0,4,0,0,0,1,0
414,0.1475000003825165,0.6092857141121304,10.00000000200232,-0.00375,0.003214285714285714,0,0,4,0,0,0,1,0
415,0.1437500003825165,0.6124999998264162,10.00000000200232,-0.00375,0.003214285714285714,0,0,4,0,0,0,1,0
416,0.1400000003825165,0.6157142855407018,10.00000000200232,-0.00375,0.003214285714285714,0,0,4,0,0,0,1,0
417,0.1362500003825165,0.6189285712549876,10.00000000200232,-0.00375,0.003214285714285714,0,0,4,0,0,0,1,0
418,0.1325000003825165,0.6221428569692733,10.00000000200232,-0.00375,0.003214285714285714,0,0,4,0,0,0,1,0
419,0.1287500003825165,0.625357142683559,10.00000000200232,-0.00375,0.003214285714285714,0,0,4,0,0,0,1,0
420,0.1250000003825165,0.6285714283978447,10.00000000200232,-0.00375,0.003214285714285714,0,0,4,0,0,0,1,0
421,0.1212500003825164,0.6317857141121304,10.00000000200232,-0.00375,0.003214285714285714,0,0,4,0,0,0,1,0
422,0.1175000003825165,0.6349999998264162,10.00000000200232,-0.00375,0.003214285714285714,0,0,4,0,0,0,1,0
423,0.1137500003825164,0.6382142855407018,10.00000000200232,-0.00375,0.003214285714285714,0,0,4,0,0,0,1,0
424,0.1100000003825164,0.6414285712549876,10.00000000200232,-0.00375,0.003214285714285714,0,0,4,0,0,0,1,0
425,0.1062500003825165,0.6446428569692733,10.00000000200232,-0.00375,0.003214285714285714,0,0,4,0,0,0,1,0
426,0.1025000003825164,0.6478571426835591,10.00000000200232,-0.00375,0.003214285714285714,0,0,4,0,0,0,1,0
427,0.09875000038251647,0.6510714283978447,10.00000000200232,-0.00375,0.003214285714285714,0,0,4,0,0,0,1,0
428,0.09500000038251649,0.6542857141121304,10.00000000200232,-0.00375,0.003214285714285714,0,0,4,0,0,0,1,0
429,0.09125000038251646,0.6574999998264162,10.00000000200232,-0.00375,0.003214285714285714,0,0,4,0,0,0,1,0
430,0.08750000038251649,0.6607142855407018,10.00000000200232,-0.00375,0.003214285714285714,0,0,4,0,0,0,1,0
431,0.08375000038251645,0.6639285712549876,10.00000000200232,-0.00375,0.003214285714285714,0,0,4,0,0,0,1,0
432,0.08000000038251648,0.6671428569692732,10.00000000200232,-0.00375,0.003214285714285714,0,0,4,0,0,0,1,0
433,0.0762500003825165,0.6703571426835591,10.00000000200232,-0.00375,0.003214285714285714,0,0,4,0,0,0,1,0
434,0.07250000038251647,0.6735714283978447,10.00000000200232,-0.00375,0.003214285714285714,0,0,4,0,0,0,1,0
435,0.0687500003825165,0.6767857141121304,10.00000000200232,-0.00375,0.003214285714285714,0,0,4,0,0,0,1,0
436,0.06500000038251647,0.6799999998264161,10.00000000200232,-0.00375,0.003214285714285714,0,0,4,0,0,0,1,0
437,0.06125000038251643,0.6832142855407018,10.00000000200232,-0.00375,0.003214285714285714,0,0,4,0,0,0,1,0
438,0.05750000038251646,0.6864285712549876,10.00000000200232,-0.00375,0.003214285714285714,0,0,4,0,0,0,1,0
439,0.05375000038251643,0.6896428569692733,10.00000000200232,-0.00375,0.003214285714285714,0,0,4,0,0,0,1,0
440,0.05000000038251645,0.692857142683559,10.00000000200232,-0.00375,0.003214285714285714,0,0,4,0,0,0,1,0
440.0000001300061,0.04999999989499349,0.6928571431014359,10.00000000200232,-0.00375,0.003214285714285714,0,0,4,0,0,0,1,0
440.0000001300061,0.04999999989499349,0.6928571431014359,10.00000000200232,0,0,1,10.00000000200232,5,0,0,0,0,0
441,0.04999999989499349,0.6928571431014359,10.9999998719962,0,0,1,10.00000000200232,5,0,0,0,0,0
442,0.04999999989499349,0.6928571431014359,11.99999987199623,0,0,1,10.00000000200232,5,0,0,0,0,0
443,0.04999999989499349,0.6928571431014359,12.99999987199622,0,0,1,10.00000000200232,5,0,0,0,0,0
444,0.04999999989499349,0.6928571431014359,13.99999987199622,0,0,1,10.00000000200232,5,0,0,0,0,0
445,0.04999999989499349,0.6928571431014359,14.99999987199621,0,0,1,10.00000000200232,5,0,0,0,0,0
446,0.04999999989499349,0.6928571431014359,15.99999987199621,0,0,1,10.00000000200232,5,0,0,0,0,0
447,0.04999999989499349,0.6928571431014359,16.99999987199621,0,0,1,10.00000000200232,5,0,0,0,0,0
448,0.04999999989499349,0.6928571431014359,17.99999987199621,0,0,1,10.00000000200232,5,0,0,0,0,0
449,0.04999999989499349,0.6928571431014359,18.99999987199621,0,0,1,10.00000000200232,5,0,0,0,0,0
450,0.04999999989499349,0.6928571431014359,19.99999987199623,0,0,1,10.00000000200232,5,0,0,0,0,0
451,0.04999999989499349,0.6928571431014359,20.99999987199623,0,0,1,10.00000000200232,5,0,0,0,0,0
452,0.04999999989499349,0.6928571431014359,21.99999987199623,0,0,1,10.00000000200232,5,0,0,0,0,0
452.0000001324062,0.04999999989499349,0.6928571431014359,22.0000000044024,0,0,1,10.00000000200232,5,0,0,0,0,0
452.0000001324062,0.04999999989499349,0.6928571431014359,22.0000000044024,0,-0.003571428571428572,0,10.00000000200232,6,0,0,0,0,1
453,0.04999999989499349,0.6892857150028866,22.0000000044024,0,-0.003571428571428572,0,10.00000000200232,6,0,0,0,0,1
454,0.04999999989499349,0.685714286431458,22.0000000044024,0,-0.003571428571428572,0,10.00000000200232,6,0,0,0,0,1
455,0.04999999989499349,0.6821428578600295,22.0000000044024,0,-0.003571428571428572,0,10.00000000200232,6,0,0,0,0,1
456,0.04999999989499349,0.6785714292886008,22.0000000044024,0,-0.003571428571428572,0,10.00000000200232,6,0,0,0,0,1
457,0.04999999989499349,0.6750000007171723,22.0000000044024,0,-0.003571428571428572,0,10.00000000200232,6,0,0,0,0,1
458,0.04999999989499349,0.6714285721457437,22.0000000044024,0,-0.003571428571428572,0,10.00000000200232,6,0,0,0,0,1
459,0.04999999989499349,0.6678571435743151,22.0000000044024,0,-0.003571428571428572,0,10.00000000200232,6,0,0,0,0,1
460,0.04999999989499349,0.6642857150028866,22.0000000044024,0,-0.003571428571428572,0,10.00000000200232,6,0,0,0,0,1
461,0.04999999989499349,0.660714286431458,22.0000000044024,0,-0.003571428571428572,0,10.00000000200232,6,0,0,0,0,1
462,0.04999999989499349,0.6571428578600295,22.0000000044024,0,-0.003571428571428572,0,10.00000000200232,6,0,0,0,0,1
463,0.04999999989499349,0.6535714292886009,22.0000000044024,0,-0.003571428571428572,0,10.00000000200232,6,0,0,0,0,1
464,0.04999999989499349,0.6500000007171723,22.0000000044024,0,-0.003571428571428572,0,10.00000000200232,6,0,0,0,0,1
465,0.04999999989499349,0.6464285721457438,22.0000000044024,0,-0.003571428571428572,0,10.00000000200232,6,0,0,0,0,1
466,0.04999999989499349,0.6428571435743151,22.0000000044024,0,-0.003571428571428572,0,10.00000000200232,6,0,0,0,0,1
467,0.04999999989499349,0.6392857150028866,22.0000000044024,0,-0.003571428571428572,0,10.00000000200232,6,0,0,0,0,1
468,0.04999999989499349,0.635714286431458,22.0000000044024,0,-0.003571428571428572,0,10.00000000200232,6,0,0,0,0,1
469,0.04999999989499349,0.6321428578600294,22.0000000044024,0,-0.003571428571428572,0,10.00000000200232,6,0,0,0,0,1
470,0.04999999989499349,0.6285714292886009,22.0000000044024,0,-0.003571428571428572,0,10.00000000200232,6,0,0,0,0,1
471,0.04999999989499349,0.6250000007171723,22.0000000044024,0,-0.003571428571428572,0,10.00000000200232,6,0,0,0,0,1
472,0.04999999989499349,0.6214285721457438,22.0000000044024,0,-0.003571428571428572,0,10.00000000200232,6,0,0,0,0,1
473,0.04999999989499349,0.6178571435743151,22.0000000044024,0,-0.003571428571428572,0,10.00000000200232,6,0,0,0,0,1
474,0.04999999989499349,0.6142857150028865,22.0000000044024,0,-0.003571428571428572,0,10.00000000200232,6,0,0,0,0,1
475,0.04999999989499349,0.610714286431458,22.0000000044024,0,-0.003571428571428572,0,10.00000000200232,6,0,0,0,0,1
476,0.04999999989499349,0.6071428578600294,22.0000000044024,0,-0.003571428571428572,0,10.00000000200232,6,0,0,0,0,1
477,0.04999999989499349,0.6035714292886009,22.0000000044024,0,-0.003571428571428572,0,10.00000000200232,6,0,0,0,0,1
478,0.04999999989499349,0.6000000007171723,22.0000000044024,0,-0.003571428571428572,0,10.00000000200232,6,0,0,0,0,1
479,0.04999999989499349,0.5964285721457437,22.0000000044024,0,-0.003571428571428572,0,10.00000000200232,6,0,0,0,0,1
480,0.04999999989499349,0.5928571435743152,22.0000000044024,0,-0.003571428571428572,0,10.00000000200232,6,0,0,0,0,1
481,0.04999999989499349,0.5892857150028866,22.0000000044024,0,-0.003571428571428572,0,10.00000000200232,6,0,0,0,0,1
482,0.04999999989499349,0.5857142864314581,22.0000000044024,0,-0.003571428571428572,0,10.00000000200232,6,0,0,0,0,1
483,0.04999999989499349,0.5821428578600295,22.0000000044024,0,-0.003571428571428572,0,10.00000000200232,6,0,0,0,0,1
484,0.04999999989499349,0.5785714292886009,22.0000000044024,0,-0.003571428571428572,0,10.00000000200232,6,0,0,0,0,1
485,0.04999999989499349,0.5750000007171723,22.0000000044024,0,-0.003571428571428572,0,10.00000000200232,6,0,0,0,0,1
486,0.04999999989499349,0.5714285721457437,22.0000000044024,0,-0.003571428571428572,0,10.00000000200232,6,0,0,0,0,1
487,0.04999999989499349,0.5678571435743152,22.0000000044024,0,-0.003571428571428572,0,10.00000000200232,6,0,0,0,0,1
488,0.04999999989499349,0.5642857150028866,22.0000000044024,0,-0.003571428571428572,0,10.00000000200232,6,0,0,0,0,1
489,0.04999999989499349,0.560714286431458,22.0000000044024,0,-0.003571428571428572,0,10.00000000200232,6,0,0,0,0,1
490,0.04999999989499349,0.5571428578600295,22.0000000044024,0,-0.003571428571428572,0,10.00000000200232,6,0,0,0,0,1
491,0.04999999989499349,0.5535714292886009,22.0000000044024,0,-0.003571428571428572,0,10.00000000200232,6,0,0,0,0,1
492,0.04999999989499349,0.5500000007171724,22.0000000044024,0,-0.003571428571428572,0,10.00000000200232,6,0,0,0,0,1
493,0.04999999989499349,0.5464285721457438,22.0000000044024,0,-0.003571428571428572,0,10.00000000200232,6,0,0,0,0,1
494,0.04999999989499349,0.5428571435743151,22.0000000044024,0,-0.003571428571428572,0,10.00000000200232,6,0,0,0,0,1
495,0.04999999989499349,0.5392857150028866,22.0000000044024,0,-0.003571428571428572,0,10.00000000200232,6,0,0,0,0,1
496,0.04999999989499349,0.535714286431458,22.0000000044024,0,-0.003571428571428572,0,10.00000000200232,6,0,0,0,0,1
497,0.04999999989499349,0.5321428578600295,22.0000000044024,0,-0.003571428571428572,0,10.00000000200232,6,0,0,0,0,1
498,0.04999999989499349,0.5285714292886009,22.0000000044024,0,-0.003571428571428572,0,10.00000000200232,6,0,0,0,0,1
499,0.04999999989499349,0.5250000007171723,22.0000000044024,0,-0.003571428571428572,0,10.00000000200232,6,0,0,0,0,1
500,0.04999999989499349,0.5214285721457438,22.0000000044024,0,-0.003571428571428572,0,10.00000000200232,6,0,0,0,0,1
501,0.04999999989499349,0.5178571435743152,22.0000000044024,0,-0.003571428571428572,0,10.00000000200232,6,0,0,0,0,1
502,0.04999999989499349,0.5142857150028866,22.0000000044024,0,-0.003571428571428572,0,10.00000000200232,6,0,0,0,0,1
503,0.04999999989499349,0.510714286431458,22.0000000044024,0,-0.003571428571428572,0,10.00000000200232,6,0,0,0,0,1
504,0.04999999989499349,0.5071428578600294,22.0000000044024,0,-0.003571428571428572,0,10.00000000200232,6,0,0,0,0,1
505,0.04999999989499349,0.5035714292886009,22.0000000044024,0,-0.003571428571428572,0,10.00000000200232,6,0,0,0,0,1
506,0.04999999989499349,0.5000000007171725,22.0000000044024,0,-0.003571428571428572,0,10.00000000200232,6,0,0,0,0,1
507,0.04999999989499349,0.4964285721457439,22.0000000044024,0,-0.003571428571428572,0,10.00000000200232,6,0,0,0,0,1
508,0.04999999989499349,0.4928571435743153,22.0000000044024,0,-0.003571428571428572,0,10.00000000200232,6,0,0,0,0,1
509,0.04999999989499349,0.4892857150028868,22.0000000044024,0,-0.003571428571428572,0,10.00000000200232,6,0,0,0,0,1
510,0.04999999989499349,0.4857142864314582,22.0000000044024,0,-0.003571428571428572,0,10.00000000200232,6,0,0,0,0,1
511,0.04999999989499349,0.4821428578600296,22.0000000044024,0,-0.003571428571428572,0,10.00000000200232,6,0,0,0,0,1
512,0.04999999989499349,0.4785714292886011,22.0000000044024,0,-0.003571428571428572,0,10.00000000200232,6,0,0,0,0,1
513,0.04999999989499349,0.4750000007171725,22.0000000044024,0,-0.003571428571428572,0,10.00000000200232,6,0,0,0,0,1
514,0.04999999989499349,0.4714285721457439,22.0000000044024,0,-0.003571428571428572,0,10.00000000200232,6,0,0,0,0,1
515,0.04999999989499349,0.4678571435743153,22.0000000044024,0,-0.003571428571428572,0,10.00000000200232,6,0,0,0,0,1
516,0.04999999989499349,0.4642857150028867,22.0000000044024,0,-0.003571428571428572,0,10.00000000200232,6,0,0,0,0,1
517,0.04999999989499349,0.4607142864314582,22.0000000044024,0,-0.003571428571428572,0,10.00000000200232,6,0,0,0,0,1
518,0.04999999989499349,0.4571428578600296,22.0000000044024,0,-0.003571428571428572,0,10.00000000200232,6,0,0,0,0,1
519,0.04999999989499349,0.4535714292886011,22.0000000044024,0,-0.003571428571428572,0,10.00000000200232,6,0,0,0,0,1
520,0.04999999989499349,0.4500000007171724,22.0000000044024,0,-0.003571428571428572,0,10.00000000200232,6,0,0,0,0,1
521,0.04999999989499349,0.4464285721457439,22.0000000044024,0,-0.003571428571428572,0,10.00000000200232,6,0,0,0,0,1
522,0.04999999989499349,0.4428571435743153,22.0000000044024,0,-0.003571428571428572,0,10.00000000200232,6,0,0,0,0,1
523,0.04999999989499349,0.4392857150028868,22.0000000044024,0,-0.003571428571428572,0,10.00000000200232,6,0,0,0,0,1
524,0.04999999989499349,0.4357142864314582,22.0000000044024,0,-0.003571428571428572,0,10.00000000200232,6,0,0,0,0,1
525,0.04999999989499349,0.4321428578600296,22.0000000044024,0,-0.003571428571428572,0,10.00000000200232,6,0,0,0,0,1
526,0.04999999989499349,0.428571429288601,22.0000000044024,0,-0.003571428571428572,0,10.00000000200232,6,0,0,0,0,1
527,0.04999999989499349,0.4250000007171725,22.0000000044024,0,-0.003571428571428572,0,10.00000000200232,6,0,0,0,0,1
528,0.04999999989499349,0.4214285721457439,22.0000000044024,0,-0.003571428571428572,0,10.00000000200232,6,0,0,0,0,1
529,0.04999999989499349,0.4178571435743154,22.0000000044024,0,-0.003571428571428572,0,10.00000000200232,6,0,0,0,0,1
530,0.04999999989499349,0.4142857150028867,22.0000000044024,0,-0.003571428571428572,0,10.00000000200232,6,0,0,0,0,1
531,0.04999999989499349,0.4107142864314582,22.0000000044024,0,-0.003571428571428572,0,10.00000000200232,6,0,0,0,0,1
532,0.04999999989499349,0.4071428578600296,22.0000000044024,0,-0.003571428571428572,0,10.00000000200232,6,0,0,0,0,1
533,0.04999999989499349,0.403571429288601,22.0000000044024,0,-0.003571428571428572,0,10.00000000200232,6,0,0,0,0,1
534,0.04999999989499349,0.4000000007171725,22.0000000044024,0,-0.003571428571428572,0,10.00000000200232,6,0,0,0,0,1
535,0.04999999989499349,0.3964285721457439,22.0000000044024,0,-0.003571428571428572,0,10.00000000200232,6,0,0,0,0,1
536,0.04999999989499349,0.3928571435743153,22.0000000044024,0,-0.003571428571428572,0,10.00000000200232,6,0,0,0,0,1
537,0.04999999989499349,0.3892857150028867,22.0000000044024,0,-0.003571428571428572,0,10.00000000200232,6,0,0,0,0,1
538,0.04999999989499349,0.3857142864314582,22.0000000044024,0,-0.003571428571428572,0,10.00000000200232,6,0,0,0,0,1
539,0.04999999989499349,0.3821428578600296,22.0000000044024,0,-0.003571428571428572,0,10.00000000200232,6,0,0,0,0,1
540,0.04999999989499349,0.378571429288601,22.0000000044024,0,-0.003571428571428572,0,10.00000000200232,6,0,0,0,0,1
541,0.04999999989499349,0.3750000007171724,22.0000000044024,0,-0.003571428571428572,0,10.00000000200232,6,0,0,0,0,1
542,0.04999999989499349,0.3714285721457439,22.0000000044024,0,-0.003571428571428572,0,10.00000000200232,6,0,0,0,0,1
543,0.04999999989499349,0.3678571435743153,22.0000000044024,0,-0.003571428571428572,0,10.00000000200232,6,0,0,0,0,1
544,0.04999999989499349,0.3642857150028868,22.0000000044024,0,-0.003571428571428572,0,10.00000000200232,6,0,0,0,0,1
545,0.04999999989499349,0.3607142864314582,22.0000000044024,0,-0.003571428571428572,0,10.00000000200232,6,0,0,0,0,1
546,0.04999999989499349,0.3571428578600296,22.0000000044024,0,-0.003571428571428572,0,10.00000000200232,6,0,0,0,0,1
547,0.04999999989499349,0.353571429288601,22.0000000044024,0,-0.003571428571428572,0,10.00000000200232,6,0,0,0,0,1
548,0.04999999989499349,0.3500000007171725,22.0000000044024,0,-0.003571428571428572,0,10.00000000200232,6,0,0,0,0,1
549,0.04999999989499349,0.3464285721457439,22.0000000044024,0,-0.003571428571428572,0,10.00000000200232,6,0,0,0,0,1
550,0.04999999989499349,0.3428571435743153,22.0000000044024,0,-0.003571428571428572,0,10.00000000200232,6,0,0,0,0,1
551,0.04999999989499349,0.3392857150028867,22.0000000044024,0,-0.003571428571428572,0,10.00000000200232,6,0,0,0,0,1
552,0.04999999989499349,0.3357142864314582,22.0000000044024,0,-0.003571428571428572,0,10.00000000200232,6,0,0,0,0,1
553,0.04999999989499349,0.3321428578600296,22.0000000044024,0,-0.003571428571428572,0,10.00000000200232,6,0,0,0,0,1
554,0.04999999989499349,0.328571429288601,22.0000000044024,0,-0.003571428571428572,0,10.00000000200232,6,0,0,0,0,1
555,0.04999999989499349,0.3250000007171724,22.0000000044024,0,-0.003571428571428572,0,10.00000000200232,6,0,0,0,0,1
556,0.04999999989499349,0.3214285721457439,22.0000000044024,0,-0.003571428571428572,0,10.00000000200232,6,0,0,0,0,1
557,0.04999999989499349,0.3178571435743153,22.0000000044024,0,-0.003571428571428572,0,10.00000000200232,6,0,0,0,0,1
558,0.04999999989499349,0.3142857150028867,22.0000000044024,0,-0.003571428571428572,0,10.00000000200232,6,0,0,0,0,1
559,0.04999999989499349,0.3107142864314582,22.0000000044024,0,-0.003571428571428572,0,10.00000000200232,6,0,0,0,0,1
560,0.04999999989499349,0.3071428578600295,22.0000000044024,0,-0.003571428571428572,0,10.00000000200232,6,0,0,0,0,1
561,0.04999999989499349,0.3035714292886009,22.0000000044024,0,-0.003571428571428572,0,10.00000000200232,6,0,0,0,0,1
562,0.04999999989499349,0.3000000007171724,22.0000000044024,0,-0.003571428571428572,0,10.00000000200232,6,0,0,0,0,1
563,0.04999999989499349,0.2964285721457438,22.0000000044024,0,-0.003571428571428572,0,10.00000000200232,6,0,0,0,0,1
564,0.04999999989499349,0.2928571435743152,22.0000000044024,0,-0.003571428571428572,0,10.00000000200232,6,0,0,0,0,1
565,0.04999999989499349,0.2892857150028866,22.0000000044024,0,-0.003571428571428572,0,10.00000000200232,6,0,0,0,0,1
566,0.04999999989499349,0.2857142864314581,22.0000000044024,0,-0.003571428571428572,0,10.00000000200232,6,0,0,0,0,1
567,0.04999999989499349,0.2821428578600295,22.0000000044024,0,-0.003571428571428572,0,10.00000000200232,6,0,0,0,0,1
568,0.04999999989499349,0.2785714292886009,22.0000000044024,0,-0.003571428571428572,0,10.00000000200232,6,0,0,0,0,1
569,0.04999999989499349,0.2750000007171723,22.0000000044024,0,-0.003571428571428572,0,10.00000000200232,6,0,0,0,0,1
570,0.04999999989499349,0.2714285721457437,22.0000000044024,0,-0.003571428571428572,0,10.00000000200232,6,0,0,0,0,1
571,0.04999999989499349,0.2678571435743152,22.0000000044024,0,-0.003571428571428572,0,10.00000000200232,6,0,0,0,0,1
572,0.04999999989499349,0.2642857150028866,22.0000000044024,0,-0.003571428571428572,0,10.00000000200232,6,0,0,0,0,1
573,0.04999999989499349,0.2607142864314581,22.0000000044024,0,-0.003571428571428572,0,10.00000000200232,6,0,0,0,0,1
574,0.04999999989499349,0.2571428578600295,22.0000000044024,0,-0.003571428571428572,0,10.00000000200232,6,0,0,0,0,1
575,0.04999999989499349,0.2535714292886009,22.0000000044024,0,-0.003571428571428572,0,10.00000000200232,6,0,0,0,0,1
576,0.04999999989499349,0.2500000007171723,22.0000000044024,0,-0.003571428571428572,0,10.00000000200232,6,0,0,0,0,1
577,0.04999999989499349,0.2464285721457438,22.0000000044024,0,-0.003571428571428572,0,10.00000000200232,6,0,0,0,0,1
578,0.04999999989499349,0.2428571435743152,22.0000000044024,0,-0.003571428571428572,0,10.00000000200232,6,0,0,0,0,1
579,0.04999999989499349,0.2392857150028866,22.0000000044024,0,-0.003571428571428572,0,10.00000000200232,6,0,0,0,0,1
580,0.04999999989499349,0.235714286431458,22.0000000044024,0,-0.003571428571428572,0,10.00000000200232,6,0,0,0,0,1
581,0.04999999989499349,0.2321428578600295,22.0000000044024,0,-0.003571428571428572,0,10.00000000200232,6,0,0,0,0,1
582,0.04999999989499349,0.2285714292886009,22.0000000044024,0,-0.003571428571428572,0,10.00000000200232,6,0,0,0,0,1
583,0.04999999989499349,0.2250000007171723,22.0000000044024,0,-0.003571428571428572,0,10.00000000200232,6,0,0,0,0,1
584,0.04999999989499349,0.2214285721457438,22.0000000044024,0,-0.003571428571428572,0,10.00000000200232,6,0,0,0,0,1
585,0.04999999989499349,0.2178571435743152,22.0000000044024,0,-0.003571428571428572,0,10.00000000200232,6,0,0,0,0,1
586,0.04999999989499349,0.2142857150028866,22.0000000044024,0,-0.003571428571428572,0,10.00000000200232,6,0,0,0,0,1
587,0.04999999989499349,0.2107142864314581,22.0000000044024,0,-0.003571428571428572,0,10.00000000200232,6,0,0,0,0,1
588,0.04999999989499349,0.2071428578600295,22.0000000044024,0,-0.003571428571428572,0,10.00000000200232,6,0,0,0,0,1
589,0.04999999989499349,0.2035714292886009,22.0000000044024,0,-0.003571428571428572,0,10.00000000200232,6,0,0,0,0,1
590,0.04999999989499349,0.2000000007171723,22.0000000044024,0,-0.003571428571428572,0,10.00000000200232,6,0,0,0,0,1
591,0.04999999989499349,0.1964285721457438,22.0000000044024,0,-0.003571428571428572,0,10.00000000200232,6,0,0,0,0,1
592,0.04999999989499349,0.1928571435743152,22.0000000044024,0,-0.003571428571428572,0,10.00000000200232,6,0,0,0,0,1
593,0.04999999989499349,0.1892857150028866,22.0000000044024,0,-0.003571428571428572,0,10.00000000200232,6,0,0,0,0,1
594,0.04999999989499349,0.185714286431458,22.0000000044024,0,-0.003571428571428572,0,10.00000000200232,6,0,0,0,0,1
595,0.04999999989499349,0.1821428578600294,22.0000000044024,0,-0.003571428571428572,0,10.00000000200232,6,0,0,0,0,1
596,0.04999999989499349,0.1785714292886009,22.0000000044024,0,-0.003571428571428572,0,10.00000000200232,6,0,0,0,0,1
597,0.04999999989499349,0.1750000007171723,22.0000000044024,0,-0.003571428571428572,0,10.00000000200232,6,0,0,0,0,1
598,0.04999999989499349,0.1714285721457438,22.0000000044024,0,-0.003571428571428572,0,10.00000000200232,6,0,0,0,0,1
599,0.04999999989499349,0.1678571435743152,22.0000000044024,0,-0.003571428571428572,0,10.00000000200232,6,0,0,0,0,1
600,0.04999999989499349,0.1642857150028866,22.0000000044024,0,-0.003571428571428572,0,10.00000000200232,6,0,0,0,0,1
601,0.04999999989499349,0.160714286431458,22.0000000044024,0,-0.003571428571428572,0,10.00000000200232,6,0,0,0,0,1
602,0.04999999989499349,0.1571428578600295,22.0000000044024,0,-0.003571428571428572,0,10.00000000200232,6,0,0,0,0,1
603,0.04999999989499349,0.1535714292886009,22.0000000044024,0,-0.003571428571428572,0,10.00000000200232,6,0,0,0,0,1
604,0.04999999989499349,0.1500000007171723,22.0000000044024,0,-0.003571428571428572,0,10.00000000200232,6,0,0,0,0,1
605,0.04999999989499349,0.1464285721457437,22.0000000044024,0,-0.003571428571428572,0,10.00000000200232,6,0,0,0,0,1
606,0.04999999989499349,0.1428571435743152,22.0000000044024,0,-0.003571428571428572,0,10.00000000200232,6,0,0,0,0,1
607,0.04999999989499349,0.1392857150028866,22.0000000044024,0,-0.003571428571428572,0,10.00000000200232,6,0,0,0,0,1
608,0.04999999989499349,0.1357142864314581,22.0000000044024,0,-0.003571428571428572,0,10.00000000200232,6,0,0,0,0,1
609,0.04999999989499349,0.1321428578600295,22.0000000044024,0,-0.003571428571428572,0,10.00000000200232,6,0,0,0,0,1
610,0.04999999989499349,0.1285714292886009,22.0000000044024,0,-0.003571428571428572,0,10.00000000200232,6,0,0,0,0,1
611,0.04999999989499349,0.1250000007171723,22.0000000044024,0,-0.003571428571428572,0,10.00000000200232,6,0,0,0,0,1
612,0.04999999989499349,0.1214285721457437,22.0000000044024,0,-0.003571428571428572,0,10.00000000200232,6,0,0,0,0,1
613,0.04999999989499349,0.1178571435743151,22.0000000044024,0,-0.003571428571428572,0,10.00000000200232,6,0,0,0,0,1
614,0.04999999989499349,0.1142857150028866,22.0000000044024,0,-0.003571428571428572,0,10.00000000200232,6,0,0,0,0,1
615,0.04999999989499349,0.110714286431458,22.0000000044024,0,-0.003571428571428572,0,10.00000000200232,6,0,0,0,0,1
616,0.04999999989499349,0.1071428578600294,22.0000000044024,0,-0.003571428571428572,0,10.00000000200232,6,0,0,0,0,1
617,0.04999999989499349,0.1035714292886009,22.0000000044024,0,-0.003571428571428572,0,10.00000000200232,6,0,0,0,0,1
618,0.04999999989499349,0.1000000007171723,22.0000000044024,0,-0.003571428571428572,0,10.00000000200232,6,0,0,0,0,1
619,0.04999999989499349,0.09642857214574374,22.0000000044024,0,-0.003571428571428572,0,10.00000000200232,6,0,0,0,0,1
620,0.04999999989499349,0.09285714357431515,22.0000000044024,0,-0.003571428571428572,0,10.00000000200232,6,0,0,0,0,1
621,0.04999999989499349,0.0892857150028866,22.0000000044024,0,-0.003571428571428572,0,10.00000000200232,6,0,0,0,0,1
622,0.04999999989499349,0.08571428643145804,22.0000000044024,0,-0.003571428571428572,0,10.00000000200232,6,0,0,0,0,1
623,0.04999999989499349,0.08214285786002945,22.0000000044024,0,-0.003571428571428572,0,10.00000000200232,6,0,0,0,0,1
624,0.04999999989499349,0.07857142928860089,22.0000000044024,0,-0.003571428571428572,0,10.00000000200232,6,0,0,0,0,1
625,0.04999999989499349,0.0750000007171723,22.0000000044024,0,-0.003571428571428572,0,10.00000000200232,6,0,0,0,0,1
626,0.04999999989499349,0.07142857214574372,22.0000000044024,0,-0.003571428571428572,0,10.00000000200232,6,0,0,0,0,1
627,0.04999999989499349,0.06785714357431519,22.0000000044024,0,-0.003571428571428572,0,10.00000000200232,6,0,0,0,0,1
628,0.04999999989499349,0.0642857150028866,22.0000000044024,0,-0.003571428571428572,0,10.00000000200232,6,0,0,0,0,1
629,0.04999999989499349,0.06071428643145801,22.0000000044024,0,-0.003571428571428572,0,10.00000000200232,6,0,0,0,0,1
630,0.04999999989499349,0.05714285786002946,22.0000000044024,0,-0.003571428571428572,0,10.00000000200232,6,0,0,0,0,1
631,0.04999999989499349,0.05357142928860087,22.0000000044024,0,-0.003571428571428572,0,10.00000000200232,6,0,0,0,0,1
632,0.04999999989499349,0.05000000071717231,22.0000000044024,0,-0.003571428571428572,0,10.00000000200232,6,0,0,0,0,1
632.0000002302122,0.04999999989499349,0.04999999989498585,22.0000000044024,0,-0.003571428571428572,0,10.00000000200232,6,0,0,0,0,1
632.0000002302122,0.04999999989499349,0.04999999989498585,22.0000000044024,0,0,1,22.0000000044024,7,0,0,0,0,0
633,0.04999999989499349,0.04999999989498585,22.99999977419019,0,0,1,22.0000000044024,7,0,0,0,0,0
634,0.04999999989499349,0.04999999989498585,23.99999977419021,0,0,1,22.0000000044024,7,0,0,0,0,0
635,0.04999999989499349,0.04999999989498585,24.99999977419027,0,0,1,22.0000000044024,7,0,0,0,0,0
636,0.04999999989499349,0.04999999989498585,25.99999977419027,0,0,1,22.0000000044024,7,0,0,0,0,0
637,0.04999999989499349,0.04999999989498585,26.99999977419027,0,0,1,22.0000000044024,7,0,0,0,0,0
638,0.04999999989499349,0.04999999989498585,27.99999977419027,0,0,1,22.0000000044024,7,0,0,0,0,0
639,0.04999999989499349,0.04999999989498585,28.99999977419027,0,0,1,22.0000000044024,7,0,0,0,0,0
640,0.04999999989499349,0.04999999989498585,29.99999977419027,0,0,1,22.0000000044024,7,0,0,0,0,0
640.0000002318145,0.04999999989499349,0.04999999989498585,30.00000000600478,0,0,1,22.0000000044024,7,0,0,0,0,0
640.0000002318145,0.04999999989499349,0.04999999989498585,30.00000000600478,0.005,0,0,30.00000000600478,2,0,0,1,0,0
641,0.05499999873592087,0.04999999989498585,30.00000000600478,0.005,0,0,30.00000000600478,2,0,0,1,0,0
642,0.05999999873592093,0.04999999989498585,30.00000000600478,0.005,0,0,30.00000000600478,2,0,0,1,0,0
643,0.06499999873592105,0.04999999989498585,30.00000000600478,0.005,0,0,30.00000000600478,2,0,0,1,0,0
644,0.06999999873592104,0.04999999989498585,30.00000000600478,0.005,0,0,30.00000000600478,2,0,0,1,0,0
645,0.07499999873592104,0.04999999989498585,30.00000000600478,0.005,0,0,30.00000000600478,2,0,0,1,0,0
646,0.07999999873592126,0.04999999989498585,30.00000000600478,0.005,0,0,30.00000000600478,2,0,0,1,0,0
647,0.08499999873592126,0.04999999989498585,30.00000000600478,0.005,0,0,30.00000000600478,2,0,0,1,0,0
648,0.08999999873592127,0.04999999989498585,30.00000000600478,0.005,0,0,30.00000000600478,2,0,0,1,0,0
649,0.09499999873592127,0.04999999989498585,30.00000000600478,0.005,0,0,30.00000000600478,2,0,0,1,0,0
650,0.09999999873592126,0.04999999989498585,30.00000000600478,0.005,0,0,30.00000000600478,2,0,0,1,0,0
650.0000001300064,0.09999999938595304,0.04999999989498585,30.00000000600478,0.005,0,0,30.00000000600478,2,0,0,1,0,0
650.0000001300064,0.09999999938595304,0.04999999989498585,30.00000000600478,0,0,0,30.00000000600478,2,1,0,0,0,0
651,0.09999999938595304,0.04999999989498585,30.00000000600478,0,0,0,30.00000000600478,2,1,0,0,0,0
652,0.09999999938595304,0.04999999989498585,30.00000000600478,0,0,0,30.00000000600478,2,1,0,0,0,0
653,0.09999999938595304,0.04999999989498585,30.00000000600478,0,0,0,30.00000000600478,2,1,0,0,0,0
654,0.09999999938595304,0.04999999989498585,30.00000000600478,0,0,0,30.00000000600478,2,1,0,0,0,0
655,0.09999999938595304,0.04999999989498585,30.00000000600478,0,0,0,30.00000000600478,2,1,0,0,0,0
656,0.09999999938595304,0.04999999989498585,30.00000000600478,0,0,0,30.00000000600478,2,1,0,0,0,0
657,0.09999999938595304,0.04999999989498585,30.00000000600478,0,0,0,30.00000000600478,2,1,0,0,0,0
658,0.09999999938595304,0.04999999989498585,30.00000000600478,0,0,0,30.00000000600478,2,1,0,0,0,0
659,0.09999999938595304,0.04999999989498585,30.00000000600478,0,0,0,30.00000000600478,2,1,0,0,0,0
660,0.09999999938595304,0.04999999989498585,30.00000000600478,0,0,0,30.00000000600478,2,1,0,0,0,0
661,0.09999999938595304,0.04999999989498585,30.00000000600478,0,0,0,30.00000000600478,2,1,0,0,0,0
662,0.09999999938595304,0.04999999989498585,30.00000000600478,0,0,0,30.00000000600478,2,1,0,0,0,0
663,0.09999999938595304,0.04999999989498585,30.00000000600478,0,0,0,30.00000000600478,2,1,0,0,0,0
664,0.09999999938595304,0.04999999989498585,30.00000000600478,0,0,0,30.00000000600478,2,1,0,0,0,0
665,0.09999999938595304,0.04999999989498585,30.00000000600478,0,0,0,30.00000000600478,2,1,0,0,0,0
666,0.09999999938595304,0.04999999989498585,30.00000000600478,0,0,0,30.00000000600478,2,1,0,0,0,0
667,0.09999999938595304,0.04999999989498585,30.00000000600478,0,0,0,30.00000000600478,2,1,0,0,0,0
668,0.09999999938595304,0.04999999989498585,30.00000000600478,0,0,0,30.00000000600478,2,1,0,0,0,0
669,0.09999999938595304,0.04999999989498585,30.00000000600478,0,0,0,30.00000000600478,2,1,0,0,0,0
670,0.09999999938595304,0.04999999989498585,30.00000000600478,0,0,0,30.00000000600478,2,1,0,0,0,0
671,0.09999999938595304,0.04999999989498585,30.00000000600478,0,0,0,30.00000000600478,2,1,0,0,0,0
672,0.09999999938595304,0.04999999989498585,30.00000000600478,0,0,0,30.00000000600478,2,1,0,0,0,0
673,0.09999999938595304,0.04999999989498585,30.00000000600478,0,0,0,30.00000000600478,2,1,0,0,0,0
674,0.09999999938595304,0.04999999989498585,30.00000000600478,0,0,0,30.00000000600478,2,1,0,0,0,0
675,0.09999999938595304,0.04999999989498585,30.00000000600478,0,0,0,30.00000000600478,2,1,0,0,0,0
676,0.09999999938595304,0.04999999989498585,30.00000000600478,0,0,0,30.00000000600478,2,1,0,0,0,0
677,0.09999999938595304,0.04999999989498585,30.00000000600478,0,0,0,30.00000000600478,2,1,0,0,0,0
678,0.09999999938595304,0.04999999989498585,30.00000000600478,0,0,0,30.00000000600478,2,1,0,0,0,0
679,0.09999999938595304,0.04999999989498585,30.00000000600478,0,0,0,30.00000000600478,2,1,0,0,0,0
680,0.09999999938595304,0.04999999989498585,30.00000000600478,0,0,0,30.00000000600478,2,1,0,0,0,0
681,0.09999999938595304,0.04999999989498585,30.00000000600478,0,0,0,30.00000000600478,2,1,0,0,0,0
682,0.09999999938595304,0.04999999989498585,30.00000000600478,0,0,0,30.00000000600478,2,1,0,0,0,0
683,0.09999999938595304,0.04999999989498585,30.00000000600478,0,0,0,30.00000000600478,2,1,0,0,0,0
684,0.09999999938595304,0.04999999989498585,30.00000000600478,0,0,0,30.00000000600478,2,1,0,0,0,0
685,0.09999999938595304,0.04999999989498585,30.00000000600478,0,0,0,30.00000000600478,2,1,0,0,0,0
686,0.09999999938595304,0.04999999989498585,30.00000000600478,0,0,0,30.00000000600478,2,1,0,0,0,0
687,0.09999999938595304,0.04999999989498585,30.00000000600478,0,0,0,30.00000000600478,2,1,0,0,0,0
688,0.09999999938595304,0.04999999989498585,30.00000000600478,0,0,0,30.00000000600478,2,1,0,0,0,0
689,0.09999999938595304,0.04999999989498585,30.00000000600478,0,0,0,30.00000000600478,2,1,0,0,0,0
690,0.09999999938595304,0.04999999989498585,30.00000000600478,0,0,0,30.00000000600478,2,1,0,0,0,0
691,0.09999999938595304,0.04999999989498585,30.00000000600478,0,0,0,30.00000000600478,2,1,0,0,0,0
692,0.09999999938595304,0.04999999989498585,30.00000000600478,0,0,0,30.00000000600478,2,1,0,0,0,0
693,0.09999999938595304,0.04999999989498585,30.00000000600478,0,0,0,30.00000000600478,2,1,0,0,0,0
694,0.09999999938595304,0.04999999989498585,30.00000000600478,0,0,0,30.00000000600478,2,1,0,0,0,0
695,0.09999999938595304,0.04999999989498585,30.00000000600478,0,0,0,30.00000000600478,2,1,0,0,0,0
696,0.09999999938595304,0.04999999989498585,30.00000000600478,0,0,0,30.00000000600478,2,1,0,0,0,0
697,0.09999999938595304,0.04999999989498585,30.00000000600478,0,0,0,30.00000000600478,2,1,0,0,0,0
698,0.09999999938595304,0.04999999989498585,30.00000000600478,0,0,0,30.00000000600478,2,1,0,0,0,0
699,0.09999999938595304,0.04999999989498585,30.00000000600478,0,0,0,30.00000000600478,2,1,0,0,0,0
700,0.09999999938595304,0.04999999989498585,30.00000000600478,0,0,0,30.00000000600478,2,1,0,0,0,0
700.0000001400049,0.09999999938595304,0.04999999989498585,30.00000000600478,0,0,0,30.00000000600478,2,1,0,0,0,0
700.0000001400049,0.09999999938595304,0.04999999989498585,30.00000000600478,-0.00375,-0.0003571428571428575,0,30.00000000600478,2,0,1,0,1,1
701,0.09624999991097138,0.04964285708784474,30.00000000600478,-0.00375,-0.0003571428571428575,0,30.00000000600478,2,0,1,0,1,1
702,0.09249999991097135,0.04928571423070188,30.00000000600478,-0.00375,-0.0003571428571428575,0,30.00000000600478,2,0,1,0,1,1
703,0.08874999991097129,0.04892857137355902,30.00000000600478,-0.00375,-0.0003571428571428575,0,30.00000000600478,2,0,1,0,1,1
704,0.08499999991097129,0.04857142851641617,30.00000000600478,-0.00375,-0.0003571428571428575,0,30.00000000600478,2,0,1,0,1,1
705,0.0812499999109712,0.0482142856592733,30.00000000600478,-0.00375,-0.0003571428571428575,0,30.00000000600478,2,0,1,0,1,1
706,0.0774999999109712,0.04785714280213044,30.00000000600478,-0.00375,-0.0003571428571428575,0,30.00000000600478,2,0,1,0,1,1
707,0.0737499999109712,0.04749999994498758,30.00000000600478,-0.00375,-0.0003571428571428575,0,30.00000000600478,2,0,1,0,1,1
708,0.06999999991097119,0.04714285708784472,30.00000000600478,-0.00375,-0.0003571428571428575,0,30.00000000600478,2,0,1,0,1,1
709,0.066249999910971,0.04678571423070185,30.00000000600478,-0.00375,-0.0003571428571428575,0,30.00000000600478,2,0,1,0,1,1
710,0.06249999991097099,0.04642857137355898,30.00000000600478,-0.00375,-0.0003571428571428575,0,30.00000000600478,2,0,1,0,1,1
711,0.05874999991097099,0.04607142851641613,30.00000000600478,-0.00375,-0.0003571428571428575,0,30.00000000600478,2,0,1,0,1,1
712,0.05499999991097099,0.04571428565927327,30.00000000600478,-0.00375,-0.0003571428571428575,0,30.00000000600478,2,0,1,0,1,1
713,0.05124999991097099,0.04535714280213041,30.00000000600478,-0.00375,-0.0003571428571428575,0,30.00000000600478,2,0,1,0,1,1
713.3333333375966,0.04999999989498364,0.04523809518156019,30.00000000600478,-0.00375,-0.0003571428571428575,0,30.00000000600478,2,0,1,0,1,1
713.3333333375966,0.04999999989498364,0.04523809518156019,30.00000000600478,0,0,0,30.00000000600478,1,0,0,0,0,0
714,0.04999999989498364,0.04523809518156019,30.00000000600478,0,0,0,30.00000000600478,1,0,0,0,0,0
715,0.04999999989498364,0.04523809518156019,30.00000000600478,0,0,0,30.00000000600478,1,0,0,0,0,0
716,0.04999999989498364,0.04523809518156019,30.00000000600478,0,0,0,30.00000000600478,1,0,0,0,0,0
717,0.04999999989498364,0.04523809518156019,30.00000000600478,0,0,0,30.00000000600478,1,0,0,0,0,0
718,0.04999999989498364,0.04523809518156019,30.00000000600478,0,0,0,30.00000000600478,1,0,0,0,0,0
719,0.04999999989498364,0.04523809518156019,30.00000000600478,0,0,0,30.00000000600478,1,0,0,0,0,0
720,0.04999999989498364,0.04523809518156019,30.00000000600478,0,0,0,30.00000000600478,1,0,0,0,0,0
721,0.04999999989498364,0.04523809518156019,30.00000000600478,0,0,0,30.00000000600478,1,0,0,0,0,0
722,0.04999999989498364,0.04523809518156019,30.00000000600478,0,0,0,30.00000000600478,1,0,0,0,0,0
723,0.04999999989498364,0.04523809518156019,30.00000000600478,0,0,0,30.00000000600478,1,0,0,0,0,0
724,0.04999999989498364,0.04523809518156019,30.00000000600478,0,0,0,30.00000000600478,1,0,0,0,0,0
725,0.04999999989498364,0.04523809518156019,30.00000000600478,0,0,0,30.00000000600478,1,0,0,0,0,0
726,0.04999999989498364,0.04523809518156019,30.00000000600478,0,0,0,30.00000000600478,1,0,0,0,0,0
727,0.04999999989498364,0.04523809518156019,30.00000000600478,0,0,0,30.00000000600478,1,0,0,0,0,0
728,0.04999999989498364,0.04523809518156019,30.00000000600478,0,0,0,30.00000000600478,1,0,0,0,0,0
729,0.04999999989498364,0.04523809518156019,30.00000000600478,0,0,0,30.00000000600478,1,0,0,0,0,0
730,0.04999999989498364,0.04523809518156019,30.00000000600478,0,0,0,30.00000000600478,1,0,0,0,0,0
731,0.04999999989498364,0.04523809518156019,30.00000000600478,0,0,0,30.00000000600478,1,0,0,0,0,0
732,0.04999999989498364,0.04523809518156019,30.00000000600478,0,0,0,30.00000000600478,1,0,0,0,0,0
733,0.04999999989498364,0.04523809518156019,30.00000000600478,0,0,0,30.00000000600478,1,0,0,0,0,0
734,0.04999999989498364,0.04523809518156019,30.00000000600478,0,0,0,30.00000000600478,1,0,0,0,0,0
735,0.04999999989498364,0.04523809518156019,30.00000000600478,0,0,0,30.00000000600478,1,0,0,0,0,0
736,0.04999999989498364,0.04523809518156019,30.00000000600478,0,0,0,30.00000000600478,1,0,0,0,0,0
737,0.04999999989498364,0.04523809518156019,30.00000000600478,0,0,0,30.00000000600478,1,0,0,0,0,0
738,0.04999999989498364,0.04523809518156019,30.00000000600478,0,0,0,30.00000000600478,1,0,0,0,0,0
739,0.04999999989498364,0.04523809518156019,30.00000000600478,0,0,0,30.00000000600478,1,0,0,0,0,0
740,0.04999999989498364,0.04523809518156019,30.00000000600478,0,0,0,30.00000000600478,1,0,0,0,0,0
741,0.04999999989498364,0.04523809518156019,30.00000000600478,0,0,0,30.00000000600478,1,0,0,0,0,0
742,0.04999999989498364,0.04523809518156019,30.00000000600478,0,0,0,30.00000000600478,1,0,0,0,0,0
743,0.04999999989498364,0.04523809518156019,30.00000000600478,0,0,0,30.00000000600478,1,0,0,0,0,0
744,0.04999999989498364,0.04523809518156019,30.00000000600478,0,0,0,30.00000000600478,1,0,0,0,0,0
745,0.04999999989498364,0.04523809518156019,30.00000000600478,0,0,0,30.00000000600478,1,0,0,0,0,0
746,0.04999999989498364,0.04523809518156019,30.00000000600478,0,0,0,30.00000000600478,1,0,0,0,0,0
747,0.04999999989498364,0.04523809518156019,30.00000000600478,0,0,0,30.00000000600478,1,0,0,0,0,0
748,0.04999999989498364,0.04523809518156019,30.00000000600478,0,0,0,30.00000000600478,1,0,0,0,0,0
749,0.04999999989498364,0.04523809518156019,30.00000000600478,0,0,0,30.00000000600478,1,0,0,0,0,0
750,0.04999999989498364,0.04523809518156019,30.00000000600478,0,0,0,30.00000000600478,1,0,0,0,0,0
751,0.04999999989498364,0.04523809518156019,30.00000000600478,0,0,0,30.00000000600478,1,0,0,0,0,0
752,0.04999999989498364,0.04523809518156019,30.00000000600478,0,0,0,30.00000000600478,1,0,0,0,0,0
753,0.04999999989498364,0.04523809518156019,30.00000000600478,0,0,0,30.00000000600478,1,0,0,0,0,0
754,0.04999999989498364,0.04523809518156019,30.00000000600478,0,0,0,30.00000000600478,1,0,0,0,0,0
755,0.04999999989498364,0.04523809518156019,30.00000000600478,0,0,0,30.00000000600478,1,0,0,0,0,0
756,0.04999999989498364,0.04523809518156019,30.00000000600478,0,0,0,30.00000000600478,1,0,0,0,0,0
757,0.04999999989498364,0.04523809518156019,30.00000000600478,0,0,0,30.00000000600478,1,0,0,0,0,0
758,0.04999999989498364,0.04523809518156019,30.00000000600478,0,0,0,30.00000000600478,1,0,0,0,0,0
759,0.04999999989498364,0.04523809518156019,30.00000000600478,0,0,0,30.00000000600478,1,0,0,0,0,0
760,0.04999999989498364,0.04523809518156019,30.00000000600478,0,0,0,30.00000000600478,1,0,0,0,0,0
761,0.04999999989498364,0.04523809518156019,30.00000000600478,0,0,0,30.00000000600478,1,0,0,0,0,0
762,0.04999999989498364,0.04523809518156019,30.00000000600478,0,0,0,30.00000000600478,1,0,0,0,0,0
763,0.04999999989498364,0.04523809518156019,30.00000000600478,0,0,0,30.00000000600478,1,0,0,0,0,0
764,0.04999999989498364,0.04523809518156019,30.00000000600478,0,0,0,30.00000000600478,1,0,0,0,0,0
765,0.04999999989498364,0.04523809518156019,30.00000000600478,0,0,0,30.00000000600478,1,0,0,0,0,0
766,0.04999999989498364,0.04523809518156019,30.00000000600478,0,0,0,30.00000000600478,1,0,0,0,0,0
767,0.04999999989498364,0.04523809518156019,30.00000000600478,0,0,0,30.00000000600478,1,0,0,0,0,0
768,0.04999999989498364,0.04523809518156019,30.00000000600478,0,0,0,30.00000000600478,1,0,0,0,0,0
769,0.04999999989498364,0.04523809518156019,30.00000000600478,0,0,0,30.00000000600478,1,0,0,0,0,0
770,0.04999999989498364,0.04523809518156019,30.00000000600478,0,0,0,30.00000000600478,1,0,0,0,0,0
771,0.04999999989498364,0.04523809518156019,30.00000000600478,0,0,0,30.00000000600478,1,0,0,0,0,0
772,0.04999999989498364,0.04523809518156019,30.00000000600478,0,0,0,30.00000000600478,1,0,0,0,0,0
773,0.04999999989498364,0.04523809518156019,30.00000000600478,0,0,0,30.00000000600478,1,0,0,0,0,0
774,0.04999999989498364,0.04523809518156019,30.00000000600478,0,0,0,30.00000000600478,1,0,0,0,0,0
775,0.04999999989498364,0.04523809518156019,30.00000000600478,0,0,0,30.00000000600478,1,0,0,0,0,0
776,0.04999999989498364,0.04523809518156019,30.00000000600478,0,0,0,30.00000000600478,1,0,0,0,0,0
777,0.04999999989498364,0.04523809518156019,30.00000000600478,0,0,0,30.00000000600478,1,0,0,0,0,0
778,0.04999999989498364,0.04523809518156019,30.00000000600478,0,0,0,30.00000000600478,1,0,0,0,0,0
779,0.04999999989498364,0.04523809518156019,30.00000000600478,0,0,0,30.00000000600478,1,0,0,0,0,0
780,0.04999999989498364,0.04523809518156019,30.00000000600478,0,0,0,30.00000000600478,1,0,0,0,0,0
781,0.04999999989498364,0.04523809518156019,30.00000000600478,0,0,0,30.00000000600478,1,0,0,0,0,0
782,0.04999999989498364,0.04523809518156019,30.00000000600478,0,0,0,30.00000000600478,1,0,0,0,0,0
783,0.04999999989498364,0.04523809518156019,30.00000000600478,0,0,0,30.00000000600478,1,0,0,0,0,0
784,0.04999999989498364,0.04523809518156019,30.00000000600478,0,0,0,30.00000000600478,1,0,0,0,0,0
785,0.04999999989498364,0.04523809518156019,30.00000000600478,0,0,0,30.00000000600478,1,0,0,0,0,0
786,0.04999999989498364,0.04523809518156019,30.00000000600478,0,0,0,30.00000000600478,1,0,0,0,0,0
787,0.04999999989498364,0.04523809518156019,30.00000000600478,0,0,0,30.00000000600478,1,0,0,0,0,0
788,0.04999999989498364,0.04523809518156019,30.00000000600478,0,0,0,30.00000000600478,1,0,0,0,0,0
789,0.04999999989498364,0.04523809518156019,30.00000000600478,0,0,0,30.00000000600478,1,0,0,0,0,0
790,0.04999999989498364,0.04523809518156019,30.00000000600478,0,0,0,30.00000000600478,1,0,0,0,0,0
791,0.04999999989498364,0.04523809518156019,30.00000000600478,0,0,0,30.00000000600478,1,0,0,0,0,0
792,0.04999999989498364,0.04523809518156019,30.00000000600478,0,0,0,30.00000000600478,1,0,0,0,0,0
793,0.04999999989498364,0.04523809518156019,30.00000000600478,0,0,0,30.00000000600478,1,0,0,0,0,0
794,0.04999999989498364,0.04523809518156019,30.00000000600478,0,0,0,30.00000000600478,1,0,0,0,0,0
795,0.04999999989498364,0.04523809518156019,30.00000000600478,0,0,0,30.00000000600478,1,0,0,0,0,0
796,0.04999999989498364,0.04523809518156019,30.00000000600478,0,0,0,30.00000000600478,1,0,0,0,0,0
797,0.04999999989498364,0.04523809518156019,30.00000000600478,0,0,0,30.00000000600478,1,0,0,0,0,0
798,0.04999999989498364,0.04523809518156019,30.00000000600478,0,0,0,30.00000000600478,1,0,0,0,0,0
799,0.04999999989498364,0.04523809518156019,30.00000000600478,0,0,0,30.00000000600478,1,0,0,0,0,0
800,0.04999999989498364,0.04523809518156019,30.00000000600478,0,0,0,30.00000000600478,1,0,0,0,0,0
801,0.04999999989498364,0.04523809518156019,30.00000000600478,0,0,0,30.00000000600478,1,0,0,0,0,0
802,0.04999999989498364,0.04523809518156019,30.00000000600478,0,0,0,30.00000000600478,1,0,0,0,0,0
803,0.04999999989498364,0.04523809518156019,30.00000000600478,0,0,0,30.00000000600478,1,0,0,0,0,0
804,0.04999999989498364,0.04523809518156019,30.00000000600478,0,0,0,30.00000000600478,1,0,0,0,0,0
805,0.04999999989498364,0.04523809518156019,30.00000000600478,0,0,0,30.00000000600478,1,0,0,0,0,0
806,0.04999999989498364,0.04523809518156019,30.00000000600478,0,0,0,30.00000000600478,1,0,0,0,0,0
807,0.04999999989498364,0.04523809518156019,30.00000000600478,0,0,0,30.00000000600478,1,0,0,0,0,0
808,0.04999999989498364,0.04523809518156019,30.00000000600478,0,0,0,30.00000000600478,1,0,0,0,0,0
809,0.04999999989498364,0.04523809518156019,30.00000000600478,0,0,0,30.00000000600478,1,0,0,0,0,0
810,0.04999999989498364,0.04523809518156019,30.00000000600478,0,0,0,30.00000000600478,1,0,0,0,0,0
811,0.04999999989498364,0.04523809518156019,30.00000000600478,0,0,0,30.00000000600478,1,0,0,0,0,0
812,0.04999999989498364,0.04523809518156019,30.00000000600478,0,0,0,30.00000000600478,1,0,0,0,0,0
813,0.04999999989498364,0.04523809518156019,30.00000000600478,0,0,0,30.00000000600478,1,0,0,0,0,0
814,0.04999999989498364,0.04523809518156019,30.00000000600478,0,0,0,30.00000000600478,1,0,0,0,0,0
815,0.04999999989498364,0.04523809518156019,30.00000000600478,0,0,0,30.00000000600478,1,0,0,0,0,0
816,0.04999999989498364,0.04523809518156019,30.00000000600478,0,0,0,30.00000000600478,1,0,0,0,0,0
817,0.04999999989498364,0.04523809518156019,30.00000000600478,0,0,0,30.00000000600478,1,0,0,0,0,0
818,0.04999999989498364,0.04523809518156019,30.00000000600478,0,0,0,30.00000000600478,1,0,0,0,0,0
819,0.04999999989498364,0.04523809518156019,30.00000000600478,0,0,0,30.00000000600478,1,0,0,0,0,0
820,0.04999999989498364,0.04523809518156019,30.00000000600478,0,0,0,30.00000000600478,1,0,0,0,0,0
821,0.04999999989498364,0.04523809518156019,30.00000000600478,0,0,0,30.00000000600478,1,0,0,0,0,0
822,0.04999999989498364,0.04523809518156019,30.00000000600478,0,0,0,30.00000000600478,1,0,0,0,0,0
823,0.04999999989498364,0.04523809518156019,30.00000000600478,0,0,0,30.00000000600478,1,0,0,0,0,0
824,0.04999999989498364,0.04523809518156019,30.00000000600478,0,0,0,30.00000000600478,1,0,0,0,0,0
825,0.04999999989498364,0.04523809518156019,30.00000000600478,0,0,0,30.00000000600478,1,0,0,0,0,0
826,0.04999999989498364,0.04523809518156019,30.00000000600478,0,0,0,30.00000000600478,1,0,0,0,0,0
827,0.04999999989498364,0.04523809518156019,30.00000000600478,0,0,0,30.00000000600478,1,0,0,0,0,0
828,0.04999999989498364,0.04523809518156019,30.00000000600478,0,0,0,30.00000000600478,1,0,0,0,0,0
829,0.04999999989498364,0.04523809518156019,30.00000000600478,0,0,0,30.00000000600478,1,0,0,0,0,0
830,0.04999999989498364,0.04523809518156019,30.00000000600478,0,0,0,30.00000000600478,1,0,0,0,0,0
831,0.04999999989498364,0.04523809518156019,30.00000000600478,0,0,0,30.00000000600478,1,0,0,0,0,0
832,0.04999999989498364,0.04523809518156019,30.00000000600478,0,0,0,30.00000000600478,1,0,0,0,0,0
833,0.04999999989498364,0.04523809518156019,30.00000000600478,0,0,0,30.00000000600478,1,0,0,0,0,0
834,0.04999999989498364,0.04523809518156019,30.00000000600478,0,0,0,30.00000000600478,1,0,0,0,0,0
835,0.04999999989498364,0.04523809518156019,30.00000000600478,0,0,0,30.00000000600478,1,0,0,0,0,0
836,0.04999999989498364,0.04523809518156019,30.00000000600478,0,0,0,30.00000000600478,1,0,0,0,0,0
837,0.04999999989498364,0.04523809518156019,30.00000000600478,0,0,0,30.00000000600478,1,0,0,0,0,0
838,0.04999999989498364,0.04523809518156019,30.00000000600478,0,0,0,30.00000000600478,1,0,0,0,0,0
839,0.04999999989498364,0.04523809518156019,30.00000000600478,0,0,0,30.00000000600478,1,0,0,0,0,0
840,0.04999999989498364,0.04523809518156019,30.00000000600478,0,0,0,30.00000000600478,1,0,0,0,0,0
841,0.04999999989498364,0.04523809518156019,30.00000000600478,0,0,0,30.00000000600478,1,0,0,0,0,0
842,0.04999999989498364,0.04523809518156019,30.00000000600478,0,0,0,30.00000000600478,1,0,0,0,0,0
843,0.04999999989498364,0.04523809518156019,30.00000000600478,0,0,0,30.00000000600478,1,0,0,0,0,0
844,0.04999999989498364,0.04523809518156019,30.00000000600478,0,0,0,30.00000000600478,1,0,0,0,0,0
845,0.04999999989498364,0.04523809518156019,30.00000000600478,0,0,0,30.00000000600478,1,0,0,0,0,0
846,0.04999999989498364,0.04523809518156019,30.00000000600478,0,0,0,30.00000000600478,1,0,0,0,0,0
847,0.04999999989498364,0.04523809518156019,30.00000000600478,0,0,0,30.00000000600478,1,0,0,0,0,0
848,0.04999999989498364,0.04523809518156019,30.00000000600478,0,0,0,30.00000000600478,1,0,0,0,0,0
849,0.04999999989498364,0.04523809518156019,30.00000000600478,0,0,0,30.00000000600478,1,0,0,0,0,0
850,0.04999999989498364,0.04523809518156019,30.00000000600478,0,0,0,30.00000000600478,1,0,0,0,0,0
851,0.04999999989498364,0.04523809518156019,30.00000000600478,0,0,0,30.00000000600478,1,0,0,0,0,0
852,0.04999999989498364,0.04523809518156019,30.00000000600478,0,0,0,30.00000000600478,1,0,0,0,0,0
853,0.04999999989498364,0.04523809518156019,30.00000000600478,0,0,0,30.00000000600478,1,0,0,0,0,0
854,0.04999999989498364,0.04523809518156019,30.00000000600478,0,0,0,30.00000000600478,1,0,0,0,0,0
855,0.04999999989498364,0.04523809518156019,30.00000000600478,0,0,0,30.00000000600478,1,0,0,0,0,0
856,0.04999999989498364,0.04523809518156019,30.00000000600478,0,0,0,30.00000000600478,1,0,0,0,0,0
857,0.04999999989498364,0.04523809518156019,30.00000000600478,0,0,0,30.00000000600478,1,0,0,0,0,0
858,0.04999999989498364,0.04523809518156019,30.00000000600478,0,0,0,30.00000000600478,1,0,0,0,0,0
859,0.04999999989498364,0.04523809518156019,30.00000000600478,0,0,0,30.00000000600478,1,0,0,0,0,0
860,0.04999999989498364,0.04523809518156019,30.00000000600478,0,0,0,30.00000000600478,1,0,0,0,0,0
861,0.04999999989498364,0.04523809518156019,30.00000000600478,0,0,0,30.00000000600478,1,0,0,0,0,0
862,0.04999999989498364,0.04523809518156019,30.00000000600478,0,0,0,30.00000000600478,1,0,0,0,0,0
863,0.04999999989498364,0.04523809518156019,30.00000000600478,0,0,0,30.00000000600478,1,0,0,0,0,0
864,0.04999999989498364,0.04523809518156019,30.00000000600478,0,0,0,30.00000000600478,1,0,0,0,0,0
865,0.04999999989498364,0.04523809518156019,30.00000000600478,0,0,0,30.00000000600478,1,0,0,0,0,0
866,0.04999999989498364,0.04523809518156019,30.00000000600478,0,0,0,30.00000000600478,1,0,0,0,0,0
867,0.04999999989498364,0.04523809518156019,30.00000000600478,0,0,0,30.00000000600478,1,0,0,0,0,0
868,0.04999999989498364,0.04523809518156019,30.00000000600478,0,0,0,30.00000000600478,1,0,0,0,0,0
869,0.04999999989498364,0.04523809518156019,30.00000000600478,0,0,0,30.00000000600478,1,0,0,0,0,0
870,0.04999999989498364,0.04523809518156019,30.00000000600478,0,0,0,30.00000000600478,1,0,0,0,0,0
871,0.04999999989498364,0.04523809518156019,30.00000000600478,0,0,0,30.00000000600478,1,0,0,0,0,0
872,0.04999999989498364,0.04523809518156019,30.00000000600478,0,0,0,30.00000000600478,1,0,0,0,0,0
873,0.04999999989498364,0.04523809518156019,30.00000000600478,0,0,0,30.00000000600478,1,0,0,0,0,0
874,0.04999999989498364,0.04523809518156019,30.00000000600478,0,0,0,30.00000000600478,1,0,0,0,0,0
875,0.04999999989498364,0.04523809518156019,30.00000000600478,0,0,0,30.00000000600478,1,0,0,0,0,0
876,0.04999999989498364,0.04523809518156019,30.00000000600478,0,0,0,30.00000000600478,1,0,0,0,0,0
877,0.04999999989498364,0.04523809518156019,30.00000000600478,0,0,0,30.00000000600478,1,0,0,0,0,0
878,0.04999999989498364,0.04523809518156019,30.00000000600478,0,0,0,30.00000000600478,1,0,0,0,0,0
879,0.04999999989498364,0.04523809518156019,30.00000000600478,0,0,0,30.00000000600478,1,0,0,0,0,0
880,0.04999999989498364,0.04523809518156019,30.00000000600478,0,0,0,30.00000000600478,1,0,0,0,0,0
881,0.04999999989498364,0.04523809518156019,30.00000000600478,0,0,0,30.00000000600478,1,0,0,0,0,0
882,0.04999999989498364,0.04523809518156019,30.00000000600478,0,0,0,30.00000000600478,1,0,0,0,0,0
883,0.04999999989498364,0.04523809518156019,30.00000000600478,0,0,0,30.00000000600478,1,0,0,0,0,0
884,0.04999999989498364,0.04523809518156019,30.00000000600478,0,0,0,30.00000000600478,1,0,0,0,0,0
885,0.04999999989498364,0.04523809518156019,30.00000000600478,0,0,0,30.00000000600478,1,0,0,0,0,0
886,0.04999999989498364,0.04523809518156019,30.00000000600478,0,0,0,30.00000000600478,1,0,0,0,0,0
887,0.04999999989498364,0.04523809518156019,30.00000000600478,0,0,0,30.00000000600478,1,0,0,0,0,0
888,0.04999999989498364,0.04523809518156019,30.00000000600478,0,0,0,30.00000000600478,1,0,0,0,0,0
889,0.04999999989498364,0.04523809518156019,30.00000000600478,0,0,0,30.00000000600478,1,0,0,0,0,0
890,0.04999999989498364,0.04523809518156019,30.00000000600478,0,0,0,30.00000000600478,1,0,0,0,0,0
891,0.04999999989498364,0.04523809518156019,30.00000000600478,0,0,0,30.00000000600478,1,0,0,0,0,0
892,0.04999999989498364,0.04523809518156019,30.00000000600478,0,0,0,30.00000000600478,1,0,0,0,0,0
893,0.04999999989498364,0.04523809518156019,30.00000000600478,0,0,0,30.00000000600478,1,0,0,0,0,0
894,0.04999999989498364,0.04523809518156019,30.00000000600478,0,0,0,30.00000000600478,1,0,0,0,0,0
895,0.04999999989498364,0.04523809518156019,30.00000000600478,0,0,0,30.00000000600478,1,0,0,0,0,0
896,0.04999999989498364,0.04523809518156019,30.00000000600478,0,0,0,30.00000000600478,1,0,0,0,0,0
897,0.04999999989498364,0.04523809518156019,30.00000000600478,0,0,0,30.00000000600478,1,0,0,0,0,0
898,0.04999999989498364,0.04523809518156019,30.00000000600478,0,0,0,30.00000000600478,1,0,0,0,0,0
899,0.04999999989498364,0.04523809518156019,30.00000000600478,0,0,0,30.00000000600478,1,0,0,0,0,0
900,0.04999999989498364,0.04523809518156019,30.00000000600478,0,0,0,30.00000000600478,1,0,0,0,0,0
900,0.04999999989498364,0.04523809518156019,30.00000000600478,0,0,0,30.00000000600478,1,0,0,0,0,0
